product,price,k_price,star
"WonderSlim Core 1 Week Diet Kit 35 Meals - Meal Replacements, Protein Supplements, and Snacks",89.99,116338.2,3.7
Nutrisystem® Fast Five 7-Day Diet Kit with 28 Delicious Meals & Snacks Plus Protein and Probiotic Shakes,98.94,127908.6,4.8
Nutrisystem® Fast Five 7-Day Diet Kit with 28 Delicious Meals & Snacks Plus Protein and Probiotic Shakes,98.94,127908.6,4.8
Nutrisystem® Fast Five 7-Day Diet Kit with 28 Delicious Meals & Snacks Plus Protein and Probiotic Shakes,98.94,127908.6,4.8
"Verve Culture Thai for Two - Organic Thai Curry Cooking Sampler Kit | USDA Organic, Vegan, Gluten-Free | Made in Thailand",35.0,45247.7,4.5
Pasta Making Kit + Free Video Master Class – Make Homemade Ravioli with Premium Ingredients & Pasta Cutter – Best Gift for Pasta Lovers – Pasta Kit Serves 4,45.95,59403.7,3.8
"Velveeta Skillets Creamy Beef Stroganoff One Pan Dinner Kit with Cheese Sauce (Pasta & Seasonings, 11.6 oz Box)",3.38,4369.6,4.5
"Frontier Soups Homemade In Minutes Soup Mix, South of The Border Tortilla, 4.5 oz",7.6,9825.2,4.5
"Lakma Tea 14 Days Weight Loss Kit - 42 Tea Bags (100% Natural, Sugar Free, Gluten Free And Non-GMO)",11.64,15048.1,4.7
"Lakma Tea 14 Days Weight Loss Kit - 42 Tea Bags (100% Natural, Sugar Free, Gluten Free And Non-GMO)",11.64,15048.1,4.7
"Lakma Tea 14 Days Weight Loss Kit - 42 Tea Bags (100% Natural, Sugar Free, Gluten Free And Non-GMO)",11.64,15048.1,4.7
"Quinn Movie Night Organic Microwave Popcorn Kit, Variety Gift Pack - Real Butter (3), Parmesan & Rosemary (3), White Cheddar (3), Non-GMO, Gluten Free, Gourmet Popcorn Kernels (9 Bags)",25.97,33573.8,4.3
"Quinn Movie Night Organic Microwave Popcorn Kit, Variety Gift Pack - Real Butter (3), Parmesan & Rosemary (3), White Cheddar (3), Non-GMO, Gluten Free, Gourmet Popcorn Kernels (9 Bags)",25.97,33573.8,4.3
"Tasty Organic Chocolate Meal Replacement Shake Vegan - Garden of Life - 20g Complete Plant Based Protein, Greens, Rice Protein, Pro & Prebiotics for Easy Digestion – Non-GMO, Gluten-Free, 2.4 LB",45.8,59209.8,4.4
"Tasty Organic Chocolate Meal Replacement Shake Vegan - Garden of Life - 20g Complete Plant Based Protein, Greens, Rice Protein, Pro & Prebiotics for Easy Digestion – Non-GMO, Gluten-Free, 2.4 LB",45.8,59209.8,4.4
"Tasty Organic Chocolate Meal Replacement Shake Vegan - Garden of Life - 20g Complete Plant Based Protein, Greens, Rice Protein, Pro & Prebiotics for Easy Digestion – Non-GMO, Gluten-Free, 2.4 LB",45.8,59209.8,4.4
Nutrisystem® Fast Five 7-Day Diet Kit with 28 Delicious Meals & Snacks Plus Protein and Probiotic Shakes,98.94,127908.6,4.6
Nutrisystem® Fast Five 7-Day Diet Kit with 28 Delicious Meals & Snacks Plus Protein and Probiotic Shakes,98.94,127908.6,4.6
Taco Bell Crunchy Taco Dinner Kit (12 Count per Box),4.86,6283.0,4.4
"Duff Goldman DIY Baking Set for Kids by Baketivity - Bake Delicious S’mores Sandwich Cookies with Premeasured Ingredients | Best Family Fun Activity, Great Gift for Girls, Boys, Teens, and Adults",28.49,36831.6,4.4
"Old El Paso Stand 'N Stuff Shells and Tortilla Bowls, Hard & Soft Taco Dinner Kit, 9.4 oz.",5.52,7136.2,4.5
"HM Mountain House Adventure Meal KIT, Breakfast - Lunch - Dinner, 13 Pouches",112.0,144792.5,4.3
"HM Mountain House Adventure Meal KIT, Breakfast - Lunch - Dinner, 13 Pouches",112.0,144792.5,4.3
"HM Mountain House Adventure Meal KIT, Breakfast - Lunch - Dinner, 13 Pouches",112.0,144792.5,4.3
"Huel Starter Kit - Includes 2 Pouches of Nutritionally Complete 100% Vegan Powdered Meal, Scoop, Shaker and Booklet (7.7lbs of Powder - 28 Meals) (Vanilla)",118.98,153816.2,4.7
"Huel Starter Kit - Includes 2 Pouches of Nutritionally Complete 100% Vegan Powdered Meal, Scoop, Shaker and Booklet (7.7lbs of Powder - 28 Meals) (Vanilla)",118.98,153816.2,4.7
"Huel Starter Kit - Includes 2 Pouches of Nutritionally Complete 100% Vegan Powdered Meal, Scoop, Shaker and Booklet (7.7lbs of Powder - 28 Meals) (Vanilla)",118.98,153816.2,4.7
"BUMBLE BEE Snack on the Run! Tuna Salad with Crackers Kit, High Protein Snack Food, Tuna Salad Multi-Pack, Healthy Snacks for Adults, 3.5 Ounce Kit (Pack of 3)",4.7,6076.1,4.3
"BUMBLE BEE Snack on the Run! Tuna Salad with Crackers Kit, High Protein Snack Food, Tuna Salad Multi-Pack, Healthy Snacks for Adults, 3.5 Ounce Kit (Pack of 3)",4.7,6076.1,4.3
"BUMBLE BEE Snack on the Run! Tuna Salad with Crackers Kit, High Protein Snack Food, Tuna Salad Multi-Pack, Healthy Snacks for Adults, 3.5 Ounce Kit (Pack of 3)",4.7,6076.1,4.3
"Amazing Grass Greens Blend Alkalize & Detox: Smoothie Mix, Cleanse with Super Greens & Beet Root Powder, Digestive Enzymes, Prebiotics & Probiotics, 30 Servings (Packaging May Vary)",24.47,31634.6,4.4
"Betty Crocker Suddenly Pasta Salad, 15 Oz",3.94,5093.6,4.6
"Harmony House Backpacking Soup and Chili Kit (Unseasoned) – 18 Count Variety Pack, Resealable Zip Pouches, For Cooking, Camping, Emergency Supply and More",69.95,90430.7,4.6
"Harmony House Backpacking Soup and Chili Kit (Unseasoned) – 18 Count Variety Pack, Resealable Zip Pouches, For Cooking, Camping, Emergency Supply and More",69.95,90430.7,4.6
"Harmony House Backpacking Soup and Chili Kit (Unseasoned) – 18 Count Variety Pack, Resealable Zip Pouches, For Cooking, Camping, Emergency Supply and More",69.95,90430.7,4.6
"Harmony House Backpacking Soup and Chili Kit (Unseasoned) – 18 Count Variety Pack, Resealable Zip Pouches, For Cooking, Camping, Emergency Supply and More",69.95,90430.7,4.6
"Nutrisystem® On-The-Go Breakfast Bars, Muffins, and Biscotti, Helps Support Weight Loss - 16 Count",32.99,42649.1,4.4
"Sprout Living, Epic Protein, Plant Based Protein & Superfoods Powder, Real Sport | 24 Grams Organic Protein Powder, Recovery, Vegan, Non Dairy, Non-GMO, Gluten Free, Low Sugar (1 Pound, 12 Servings)",35.96,46488.7,4.5
"Thai Kitchen Fried Rice, 8.8 oz",5.94,7679.2,3.9
"Kids Baking Set, Meal Cooking Party Supply Kit for Teens, Real Fun Little Junior Chef Essential Kitchen Lessons, Includes Pre-Measured Ingredients (Baketivity Kit, Smores)",36.95,47768.6,4.6
"Bento Box for Adults, 3-In-1 Meal Prep Container, 900ML Japanese Lunch Box with Compartment, Wheat Straw, Leak-proof, Spoon & Fork, BPA-free (Beige)",10.99,14207.8,4.3
"hemind Food Prep Containers 50 Pack Meal Prep Containers for Food 2 Compartment Bento Lunch Box Container, 32 oz Food Grade Safe Usage",24.95,32255.1,4.4
Rip Van Wafels Cookies & Cream Mini Stroopwafels - Low Carb Snacks (3g Net Carbs) - Non GMO Snack - Keto Friendly - Office Snacks - Low Calorie Snack (37 Calories) - Low Sugar (1g) - 32 Pack,23.99,31014.0,4.2
"Bento Box for Adults, 3-In-1 Meal Prep Container, 900ML Janpanese Lunch Box with Compartment, Wheat Straw, Leak-proof, Spoon & Fork, BPA-free (Green)",10.99,14207.8,4.3
The Miracle Meal Pre-filled Communion Cups and Wafer Set - Box of 100 - with 100% Trusted Concord Grape Juice & Wafer - Made in the USA - Premium Quality Guaranteed,46.99,60748.2,4.5
The Miracle Meal Pre-filled Communion Cups and Wafer Set - Box of 100 - with 100% Trusted Concord Grape Juice & Wafer - Made in the USA - Premium Quality Guaranteed,46.99,60748.2,4.5
The Miracle Meal Pre-filled Communion Cups and Wafer Set - Box of 100 - with 100% Trusted Concord Grape Juice & Wafer - Made in the USA - Premium Quality Guaranteed,46.99,60748.2,4.5
"Old El Paso Stand 'N Stuff Hard and Soft Taco Dinner Kit, 9.4 oz",12.95,16741.6,4.7
"Old El Paso Stand 'N Stuff Hard and Soft Taco Dinner Kit, 9.4 oz",12.95,16741.6,4.7
"Old El Paso Stand 'N Stuff Hard and Soft Taco Dinner Kit, 9.4 oz",12.95,16741.6,4.7
Chef Soraya Chipotle Black Bean & Rice Meal Bowl,12.01,15526.4,3.5
Isagenix IsaLean Shake - Complete Superfood Meal Replacement Drink Mix for Maintaining Healthy Weight and Lean Muscle Growth - 854 Grams - 14 Meal Canister (Creamy Dutch Chocolate Flavor),68.0,87909.7,4.5
Hyleys Detox Tea for Cleanse and Weight Loss - 14 Day Weight Loss Kit - 42 Tea Bags (12 Pack),109.34,141353.7,5.0
Hyleys Detox Tea for Cleanse and Weight Loss - 14 Day Weight Loss Kit - 42 Tea Bags (12 Pack),109.34,141353.7,5.0
Dr. Colbert's Superfood Package,66.75,86293.7,4.4
"Extend Nutrition Protein Bars for Diabetics, Low Carb, High Protein Healthy Snacks, No Added Sugar Keto Bars, Ideal To Help Blood Sugar Support, Diabetes Snacks for Adults and Kids, Yogurt and Berry, 15 Count)",28.99,37478.0,4.1
Damtuh Korean 15 Multi Mixed Grain Powder Meal Replacement Shake Breakfast Simple Meal Misugaru 20g x 12 Sticks,9.99,12915.0,4.2
"Rip Van Dark Chocolate Wafer Cookies - Healthy Snacks - Non GMO, Keto, Low Carb, Low Sugar (2g), Low Calorie and Vegan - 16 Count",21.99,28428.5,4.2
"Nutmeg State Nutrition HealthyWise - High Protein Soup, 15g Protein, Low Calorie, Low Fat, Low Carb, Ideal Protein Compatible, 7 Servings Per Box (Savory Onion)",14.99,19378.9,
Yes You Can! Complete Meal Replacement - 30 Servings (Vegan Vanilla),84.99,109874.2,4.3
Yes You Can! Complete Meal Replacement - 30 Servings (Vegan Vanilla),84.99,109874.2,4.3
"AMTAST Digital Flour Moisture Meter, Wheat Corn Soya Beans Coffee Maize Peas Flour Humidity Tester, 11 Kinds Grain Flours Moisture Meters",69.99,90482.4,4.7
"AMTAST Digital Flour Moisture Meter, Wheat Corn Soya Beans Coffee Maize Peas Flour Humidity Tester, 11 Kinds Grain Flours Moisture Meters",69.99,90482.4,4.7
"TARLINI Bento Box Lunch Containers- Portable Microwave Japanese Bento Box, Meal Prep Containers For Healthy Food | Tupperware Lunch Box For Adults, Women, Microwaveable Bowl Plastic Container",9.98,12902.0,4.7
"TARLINI Bento Box Lunch Containers- Portable Microwave Japanese Bento Box, Meal Prep Containers For Healthy Food | Tupperware Lunch Box For Adults, Women, Microwaveable Bowl Plastic Container",9.98,12902.0,4.7
"Standard Hot Sauce Making Kit with 3 Recipes, Bottles & More: All-Inclusive Set for Making The World's Hottest Hot Sauce Kit for Adults! All Natural, Hand-Packaged in the US & Contains No Alcohol | Great Gift For Birthdays, Father's Day",49.95,64574.9,4.5
"Standard Hot Sauce Making Kit with 3 Recipes, Bottles & More: All-Inclusive Set for Making The World's Hottest Hot Sauce Kit for Adults! All Natural, Hand-Packaged in the US & Contains No Alcohol | Great Gift For Birthdays, Father's Day",49.95,64574.9,4.5
"Standard Hot Sauce Making Kit with 3 Recipes, Bottles & More: All-Inclusive Set for Making The World's Hottest Hot Sauce Kit for Adults! All Natural, Hand-Packaged in the US & Contains No Alcohol | Great Gift For Birthdays, Father's Day",49.95,64574.9,4.5
"Standard Hot Sauce Making Kit with 3 Recipes, Bottles & More: All-Inclusive Set for Making The World's Hottest Hot Sauce Kit for Adults! All Natural, Hand-Packaged in the US & Contains No Alcohol | Great Gift For Birthdays, Father's Day",49.95,64574.9,4.5
"Standard Hot Sauce Making Kit with 3 Recipes, Bottles & More: All-Inclusive Set for Making The World's Hottest Hot Sauce Kit for Adults! All Natural, Hand-Packaged in the US & Contains No Alcohol | Great Gift For Birthdays, Father's Day",49.95,64574.9,4.5
"Kracie Popin Cookin DIY Candy Making Kit with English Instructions, Assorted Variety Set, Multiple Packs Tanoshii Bento, Ramen and Waffle, Cakes, Sushi and Donuts, Hamburger, and Kawaii Gummy Land, Perfect For Kids (Pack of 8)",49.99,64626.6,4.5
"Thai Aree Brand, Ready to Cook, THAI GREEN CURRY NOODLE Meal Kit, Size 200g (7.07oz)",19.89,25713.6,
"Ortega Taco Dinner Kit, Soft Tacos, 10 Count (Pack of 12)",63.14,81626.8,4.8
"Ortega Taco Dinner Kit, Soft Tacos, 10 Count (Pack of 12)",63.14,81626.8,4.8
"Old El Paso Fajita Dinner Kit With Flour Tortillas, Mild Fajita Sauce & Seasoning Mix, 12.5 oz. (Pack of 6)",26.94,34827.8,4.4
"Old El Paso Fajita Dinner Kit With Flour Tortillas, Mild Fajita Sauce & Seasoning Mix, 12.5 oz. (Pack of 6)",26.94,34827.8,4.4
"Patriot Pantry Beans Trio with Rice Emergency Food Kit (100 Servings, 14 pk.) by Ready Hour",75.0,96959.2,4.6
"Patriot Pantry Beans Trio with Rice Emergency Food Kit (100 Servings, 14 pk.) by Ready Hour",75.0,96959.2,4.6
Yamako Tofu Maker Kit HINOKI #82597 by Tofu Kit,31.55,40787.5,4.6
Mexican Style Beef Taco 3 Pack - Bridgford MRE Ready to Eat Meal,18.98,24537.2,3.7
House Oden no Moto (oden soup mix) 2.7oz (77.2g) x 5ea.,43.33,56016.6,4.3
House Oden no Moto (oden soup mix) 2.7oz (77.2g) x 5ea.,43.33,56016.6,4.3
"DATREX Emergency Water Pouch for Disaster or Survival, 125 ml Each",30.6,39559.4,4.6
"DAVIDsTEA David’s Top Teas Sampler, Loose Leaf Tea Gift Set, Assortment of 12 Fan Favourite Teas, 109 g / 3.8 oz",39.99,51698.7,4.7
"Old El Paso Street Taco Kit, Carne Asada Steak, 11.3oz (Pack of 6)",34.92,45144.2,4.1
"Ensure Original Nutrition shakes | Variety Pack | Milk Chocolate Shake, Vanilla Shake, and Strawberry Flavors | Nutritional and Full of Vitamins and Minerals 12 Pack | Niro Assortment",37.8,48867.5,4.6
Genuine Military MRE Meal 23 with Inspection Date of 2021+ Pepperoni Pizza,26.99,34892.4,4.0
Genuine Military MRE Meal 23 with Inspection Date of 2021+ Pepperoni Pizza,26.99,34892.4,4.0
Genuine Military MRE Meal 23 with Inspection Date of 2021+ Pepperoni Pizza,26.99,34892.4,4.0
"Los Chileros Posole Dinner Kit, 13 Ounce",11.25,14543.9,4.6
"Los Chileros Posole Dinner Kit, 13 Ounce",11.25,14543.9,4.6
"Old El Paso Mini Flour Tortilla Bowl Dinner Kit with Seasoning Mix & Taco Sauce, 12 ct., 9.3 oz. (Pack of 8)",51.29,66307.2,3.7
"Iberia Paella Valenciana, Ready to Cook Paella Kit with Yellow Rice and Seafood Packets, Product of Spain, 15.5 oz.",9.58,12384.9,4.3
"Plant Based Protein Powder Chocolate - Lactose & Dairy Free Protein Powder - Vegan Protein Shake Meal Replacement with Fava, Mung, Rice & Pea Protein, Low Carb, Keto, Sugar & Gluten Free, 21g",22.99,29721.2,4.0
Ready Set Food | Early Allergen Introduction Mix-ins for Babies 4+ Mo | Stage 1+2-90 Days | Top 3 Allergens - Organic Peanut Egg Milk | Safe Easy Effective | For Bottle or Food | ReadySetFood,90.0,116351.1,4.2
"BRAMI Lupini Beans Snack, Variety Pack | 7g Plant Protein, 0g Net Carbs | Vegan, Keto, Plant Based, Mediterranean Diet | Pickled Vegetable |5.3 Ounce (4 Count)",24.99,32306.8,4.1
"KATE FARMS Organic Plant Based 1.4 Sole-Source Nutrition Shake, Vanilla, 20g of protein, 27 Vitamins and Minerals, High Calorie Meal Replacement Drink, Protein Shake, Gluten Free and Non-GMO, 11 Fl oz (Pack of 12)",72.0,93080.9,4.4
"Freezable Lunch Bag,Freezable Snack Bag,Mini Cooler Bag for Travel/Work/School,Small Insulated Bag,Small Cooler Lunch Box with Ice Packs,Insulated Snack Bag,Freezable Snack Box with Handle Buckle",15.99,20671.7,4.6
"Freezable Lunch Bag,Freezable Snack Bag,Mini Cooler Bag for Travel/Work/School,Small Insulated Bag,Small Cooler Lunch Box with Ice Packs,Insulated Snack Bag,Freezable Snack Box with Handle Buckle",15.99,20671.7,4.6
"Chicken Tikka Masala, Butter Chicken Makhani, Tandoori Chicken Indian food spice kits by Flavor Temptations | Home Cook Authentic Indian Food | Organic, Gluten Free, No Sodium (3 Spice Kits)",17.99,23257.3,3.7
"Chicken Tikka Masala, Butter Chicken Makhani, Tandoori Chicken Indian food spice kits by Flavor Temptations | Home Cook Authentic Indian Food | Organic, Gluten Free, No Sodium (3 Spice Kits)",17.99,23257.3,3.7
"WonderSlim Protein Meal, Sloppy Joe Mix, 90 Calories, 12g Protein (7ct)",16.99,21964.5,4.3
"Happy Tot Organics Stage 4 Super Morning Organics Bananas Blueberries Yogurt & Oats + Super Chia, 4 Ounce Pouch (Pack of 8) packaging may vary",12.32,15927.2,4.7
"Urban ReLeaf Blessing Salt! Blessed Dead Sea Salt from Israel. Holy Ceremony Wedding Anointing Baptism Meals Housewarming, Healing Minerals, Purify, Meditate, Cleanse, Sacrament",10.82,13988.0,4.6
"McCormick Gourmet Organic Spice Rack Refill Variety Pack, 8 count",40.11,51853.8,4.8
#RT Amocan Vegetable Curry Complete Cooking Kit 170G -Singapore Style Complete Cooking Kit Enjoy home cooked food in just 20 minutes,14.99,19378.9,4.7
#RT Amocan Vegetable Curry Complete Cooking Kit 170G -Singapore Style Complete Cooking Kit Enjoy home cooked food in just 20 minutes,14.99,19378.9,4.7
#RT Amocan Vegetable Curry Complete Cooking Kit 170G -Singapore Style Complete Cooking Kit Enjoy home cooked food in just 20 minutes,14.99,19378.9,4.7
"Niro PediaSure Grow and Gain with Immune Support Shake | Complete Balanced Nutrition | PediaSure Strawberry, PediaSure Vanilla, and PediaSure Chocolate Flavors | 18 Pack Assortment",61.5,79506.6,4.1
"Niro PediaSure Grow and Gain with Immune Support Shake | Complete Balanced Nutrition | PediaSure Strawberry, PediaSure Vanilla, and PediaSure Chocolate Flavors | 18 Pack Assortment",61.5,79506.6,4.1
"Niro PediaSure Grow and Gain with Immune Support Shake | Complete Balanced Nutrition | PediaSure Strawberry, PediaSure Vanilla, and PediaSure Chocolate Flavors | 18 Pack Assortment",61.5,79506.6,4.1
"Valley Food Storage Freeze Dried Peach Slices, 2.12 Oz Pouch | Premium Lightweight Camping Freeze-Dried Food | All Natural Non-GMO Fruit Snacks in Resealable Mylar Bag | Easy Prep Survival Hiking Food",19.99,25842.9,4.8
"Valley Food Storage Freeze Dried Peach Slices, 2.12 Oz Pouch | Premium Lightweight Camping Freeze-Dried Food | All Natural Non-GMO Fruit Snacks in Resealable Mylar Bag | Easy Prep Survival Hiking Food",19.99,25842.9,4.8
"Boost Balanced Nutritional Shake Variety | High Protein | Boost Rich Chocolate, Boost Creamy Strawberry, and Boost Very Vanilla Flavors | 12 Pack | Niro Assortment | Included one Niro beverage sleeve",35.9,46411.2,4.5
"Boost Balanced Nutritional Shake Variety | High Protein | Boost Rich Chocolate, Boost Creamy Strawberry, and Boost Very Vanilla Flavors | 12 Pack | Niro Assortment | Included one Niro beverage sleeve",35.9,46411.2,4.5
"ARC-1120SBL SmartCarb Cool-Touch Stainless Steel Rice Multicooker Food Steamer, Slow Cooker with Non-Stick Inner Pot and Steam Tray, 20-Cup(cooked)/ 5Qt, Black",50.5,65285.9,4.3
"ARC-1120SBL SmartCarb Cool-Touch Stainless Steel Rice Multicooker Food Steamer, Slow Cooker with Non-Stick Inner Pot and Steam Tray, 20-Cup(cooked)/ 5Qt, Black",50.5,65285.9,4.3
"ARC-1120SBL SmartCarb Cool-Touch Stainless Steel Rice Multicooker Food Steamer, Slow Cooker with Non-Stick Inner Pot and Steam Tray, 20-Cup(cooked)/ 5Qt, Black",50.5,65285.9,4.3
"Ashoka Ready to Eat Since 1932, All-Natural, Mixed Vegetable Korma, Microwavable Indian Food, Heat & Serve Camping Friendly Meals, Plant-Based, Gluten-Free with No Preservatives, Vegan Pack of 1",6.99,9036.6,4.5
"Bento Box for Adults, 3-In-1 Meal Prep Container, 900ML Janpanese Lunch Box with Compartment, Wheat Straw, Leak-proof, Spoon & Fork & Lunch Bag, BPA-free (Beige)",16.99,21964.5,4.3
Keto Cocoa | Delicious Sugar Free Instant Hot Chocolate Mix with 6g of MCTs for Ketogenic Diet Low Carb Lifestyle | No Gluten | 20 Servings,29.99,38770.8,4.2
"WonderSlim Core 1 Week Diet Kit 35 Meals - Meal Replacements, Protein Supplements, and Snacks",89.99,116338.2,3.7
Nutrisystem® Fast Five 7-Day Diet Kit with 28 Delicious Meals & Snacks Plus Protein and Probiotic Shakes,98.94,127908.6,4.8
Nutrisystem® Fast Five 7-Day Diet Kit with 28 Delicious Meals & Snacks Plus Protein and Probiotic Shakes,98.94,127908.6,4.8
Nutrisystem® Fast Five 7-Day Diet Kit with 28 Delicious Meals & Snacks Plus Protein and Probiotic Shakes,98.94,127908.6,4.8
"Verve Culture Thai for Two - Organic Thai Curry Cooking Sampler Kit | USDA Organic, Vegan, Gluten-Free | Made in Thailand",35.0,45247.7,4.5
Pasta Making Kit + Free Video Master Class – Make Homemade Ravioli with Premium Ingredients & Pasta Cutter – Best Gift for Pasta Lovers – Pasta Kit Serves 4,45.95,59403.7,3.8
"Velveeta Skillets Creamy Beef Stroganoff One Pan Dinner Kit with Cheese Sauce (Pasta & Seasonings, 11.6 oz Box)",3.38,4369.6,4.5
"Frontier Soups Homemade In Minutes Soup Mix, South of The Border Tortilla, 4.5 oz",7.6,9825.2,4.5
"Lakma Tea 14 Days Weight Loss Kit - 42 Tea Bags (100% Natural, Sugar Free, Gluten Free And Non-GMO)",11.64,15048.1,4.7
"Lakma Tea 14 Days Weight Loss Kit - 42 Tea Bags (100% Natural, Sugar Free, Gluten Free And Non-GMO)",11.64,15048.1,4.7
"Lakma Tea 14 Days Weight Loss Kit - 42 Tea Bags (100% Natural, Sugar Free, Gluten Free And Non-GMO)",11.64,15048.1,4.7
"Quinn Movie Night Organic Microwave Popcorn Kit, Variety Gift Pack - Real Butter (3), Parmesan & Rosemary (3), White Cheddar (3), Non-GMO, Gluten Free, Gourmet Popcorn Kernels (9 Bags)",25.97,33573.8,4.3
"Quinn Movie Night Organic Microwave Popcorn Kit, Variety Gift Pack - Real Butter (3), Parmesan & Rosemary (3), White Cheddar (3), Non-GMO, Gluten Free, Gourmet Popcorn Kernels (9 Bags)",25.97,33573.8,4.3
"Tasty Organic Chocolate Meal Replacement Shake Vegan - Garden of Life - 20g Complete Plant Based Protein, Greens, Rice Protein, Pro & Prebiotics for Easy Digestion – Non-GMO, Gluten-Free, 2.4 LB",45.8,59209.8,4.4
"Tasty Organic Chocolate Meal Replacement Shake Vegan - Garden of Life - 20g Complete Plant Based Protein, Greens, Rice Protein, Pro & Prebiotics for Easy Digestion – Non-GMO, Gluten-Free, 2.4 LB",45.8,59209.8,4.4
"Tasty Organic Chocolate Meal Replacement Shake Vegan - Garden of Life - 20g Complete Plant Based Protein, Greens, Rice Protein, Pro & Prebiotics for Easy Digestion – Non-GMO, Gluten-Free, 2.4 LB",45.8,59209.8,4.4
Nutrisystem® Fast Five 7-Day Diet Kit with 28 Delicious Meals & Snacks Plus Protein and Probiotic Shakes,98.94,127908.6,4.6
Nutrisystem® Fast Five 7-Day Diet Kit with 28 Delicious Meals & Snacks Plus Protein and Probiotic Shakes,98.94,127908.6,4.6
Taco Bell Crunchy Taco Dinner Kit (12 Count per Box),4.86,6283.0,4.4
"Duff Goldman DIY Baking Set for Kids by Baketivity - Bake Delicious S’mores Sandwich Cookies with Premeasured Ingredients | Best Family Fun Activity, Great Gift for Girls, Boys, Teens, and Adults",28.49,36831.6,4.4
"Old El Paso Stand 'N Stuff Shells and Tortilla Bowls, Hard & Soft Taco Dinner Kit, 9.4 oz.",5.52,7136.2,4.5
"HM Mountain House Adventure Meal KIT, Breakfast - Lunch - Dinner, 13 Pouches",112.0,144792.5,4.3
"HM Mountain House Adventure Meal KIT, Breakfast - Lunch - Dinner, 13 Pouches",112.0,144792.5,4.3
"HM Mountain House Adventure Meal KIT, Breakfast - Lunch - Dinner, 13 Pouches",112.0,144792.5,4.3
"Huel Starter Kit - Includes 2 Pouches of Nutritionally Complete 100% Vegan Powdered Meal, Scoop, Shaker and Booklet (7.7lbs of Powder - 28 Meals) (Vanilla)",118.98,153816.2,4.7
"Huel Starter Kit - Includes 2 Pouches of Nutritionally Complete 100% Vegan Powdered Meal, Scoop, Shaker and Booklet (7.7lbs of Powder - 28 Meals) (Vanilla)",118.98,153816.2,4.7
"Huel Starter Kit - Includes 2 Pouches of Nutritionally Complete 100% Vegan Powdered Meal, Scoop, Shaker and Booklet (7.7lbs of Powder - 28 Meals) (Vanilla)",118.98,153816.2,4.7
"BUMBLE BEE Snack on the Run! Tuna Salad with Crackers Kit, High Protein Snack Food, Tuna Salad Multi-Pack, Healthy Snacks for Adults, 3.5 Ounce Kit (Pack of 3)",4.7,6076.1,4.3
"BUMBLE BEE Snack on the Run! Tuna Salad with Crackers Kit, High Protein Snack Food, Tuna Salad Multi-Pack, Healthy Snacks for Adults, 3.5 Ounce Kit (Pack of 3)",4.7,6076.1,4.3
"BUMBLE BEE Snack on the Run! Tuna Salad with Crackers Kit, High Protein Snack Food, Tuna Salad Multi-Pack, Healthy Snacks for Adults, 3.5 Ounce Kit (Pack of 3)",4.7,6076.1,4.3
"Amazing Grass Greens Blend Alkalize & Detox: Smoothie Mix, Cleanse with Super Greens & Beet Root Powder, Digestive Enzymes, Prebiotics & Probiotics, 30 Servings (Packaging May Vary)",24.47,31634.6,4.4
"Betty Crocker Suddenly Pasta Salad, 15 Oz",3.94,5093.6,4.6
"Harmony House Backpacking Soup and Chili Kit (Unseasoned) – 18 Count Variety Pack, Resealable Zip Pouches, For Cooking, Camping, Emergency Supply and More",69.95,90430.7,4.6
"Harmony House Backpacking Soup and Chili Kit (Unseasoned) – 18 Count Variety Pack, Resealable Zip Pouches, For Cooking, Camping, Emergency Supply and More",69.95,90430.7,4.6
"Harmony House Backpacking Soup and Chili Kit (Unseasoned) – 18 Count Variety Pack, Resealable Zip Pouches, For Cooking, Camping, Emergency Supply and More",69.95,90430.7,4.6
"Harmony House Backpacking Soup and Chili Kit (Unseasoned) – 18 Count Variety Pack, Resealable Zip Pouches, For Cooking, Camping, Emergency Supply and More",69.95,90430.7,4.6
"Nutrisystem® On-The-Go Breakfast Bars, Muffins, and Biscotti, Helps Support Weight Loss - 16 Count",32.99,42649.1,4.4
"Sushi Making Kit, 27 Pcs Pro Sushi Kit Includes Bazooka Roller, Cutting Mold, Bamboo Mats, Musubi Maker, Nigiri Mold, Sushi Knife, Chopsticks, Sauce Dishes, & More All-in-One DIY Sushi Gift",29.99,38770.8,4.7
"Sprout Living, Epic Protein, Plant Based Protein & Superfoods Powder, Real Sport | 24 Grams Organic Protein Powder, Recovery, Vegan, Non Dairy, Non-GMO, Gluten Free, Low Sugar (1 Pound, 12 Servings)",35.96,46488.7,4.5
"Thai Kitchen Fried Rice, 8.8 oz",5.94,7679.2,3.9
"Kids Baking Set, Meal Cooking Party Supply Kit for Teens, Real Fun Little Junior Chef Essential Kitchen Lessons, Includes Pre-Measured Ingredients (Baketivity Kit, Smores)",36.95,47768.6,4.6
"Bento Box for Adults, 3-In-1 Meal Prep Container, 900ML Japanese Lunch Box with Compartment, Wheat Straw, Leak-proof, Spoon & Fork, BPA-free (Beige)",10.99,14207.8,4.3
"hemind Food Prep Containers 50 Pack Meal Prep Containers for Food 2 Compartment Bento Lunch Box Container, 32 oz Food Grade Safe Usage",24.95,32255.1,4.4
Rip Van Wafels Cookies & Cream Mini Stroopwafels - Low Carb Snacks (3g Net Carbs) - Non GMO Snack - Keto Friendly - Office Snacks - Low Calorie Snack (37 Calories) - Low Sugar (1g) - 32 Pack,23.99,31014.0,4.2
The Miracle Meal Pre-filled Communion Cups and Wafer Set - Box of 100 - with 100% Trusted Concord Grape Juice & Wafer - Made in the USA - Premium Quality Guaranteed,46.99,60748.2,4.5
The Miracle Meal Pre-filled Communion Cups and Wafer Set - Box of 100 - with 100% Trusted Concord Grape Juice & Wafer - Made in the USA - Premium Quality Guaranteed,46.99,60748.2,4.5
The Miracle Meal Pre-filled Communion Cups and Wafer Set - Box of 100 - with 100% Trusted Concord Grape Juice & Wafer - Made in the USA - Premium Quality Guaranteed,46.99,60748.2,4.5
"Old El Paso Stand 'N Stuff Hard and Soft Taco Dinner Kit, 9.4 oz",12.95,16741.6,4.7
"Old El Paso Stand 'N Stuff Hard and Soft Taco Dinner Kit, 9.4 oz",12.95,16741.6,4.7
"Old El Paso Stand 'N Stuff Hard and Soft Taco Dinner Kit, 9.4 oz",12.95,16741.6,4.7
Chef Soraya Chipotle Black Bean & Rice Meal Bowl,12.01,15526.4,3.5
Isagenix IsaLean Shake - Complete Superfood Meal Replacement Drink Mix for Maintaining Healthy Weight and Lean Muscle Growth - 854 Grams - 14 Meal Canister (Creamy Dutch Chocolate Flavor),68.0,87909.7,4.5
Hyleys Detox Tea for Cleanse and Weight Loss - 14 Day Weight Loss Kit - 42 Tea Bags (12 Pack),109.34,141353.7,5.0
Hyleys Detox Tea for Cleanse and Weight Loss - 14 Day Weight Loss Kit - 42 Tea Bags (12 Pack),109.34,141353.7,5.0
Dr. Colbert's Superfood Package,66.75,86293.7,4.4
"Extend Nutrition Protein Bars for Diabetics, Low Carb, High Protein Healthy Snacks, No Added Sugar Keto Bars, Ideal To Help Blood Sugar Support, Diabetes Snacks for Adults and Kids, Yogurt and Berry, 15 Count)",28.99,37478.0,4.1
"Bento Box for Adults, 3-In-1 Meal Prep Container, 900ML Janpanese Lunch Box with Compartment, Wheat Straw, Leak-proof, Spoon & Fork, BPA-free (Green)",10.99,14207.8,4.3
Damtuh Korean 15 Multi Mixed Grain Powder Meal Replacement Shake Breakfast Simple Meal Misugaru 20g x 12 Sticks,9.99,12915.0,4.2
"Sushi Making Kit, 22 in 1 Sushi Maker Bazooker Roller Kit with Bamboo Mats, Chef's Knife, Triangle/Nigiri/Gunkan Sushi Rice Mold, Chopsticks, Sauce Dishes, Rice Spreader, User Guide",24.99,32306.8,4.7
"Rip Van Dark Chocolate Wafer Cookies - Healthy Snacks - Non GMO, Keto, Low Carb, Low Sugar (2g), Low Calorie and Vegan - 16 Count",21.99,28428.5,4.2
"Rip Van Dark Chocolate Wafer Cookies - Healthy Snacks - Non GMO, Keto, Low Carb, Low Sugar (2g), Low Calorie and Vegan - 16 Count",21.99,28428.5,4.2
"Garden of Life Raw Calcium Supplement for Women and Men - Vitamin Code Made from Whole Foods with Magnesium, K2, Vitamin D3 and Vitamin C Plus Probiotics for Digestion, 120 Capsules",38.94,50341.2,4.7
"Clearance！！！Bento Box, 1.3L Kids Lunch Box with Fork&Spoon, 4 Compartments Leak-Proof Bento Box for Kids, Bento Lunch Box for Kids Adults, New Designed for Children, Microwaveable & Freezer Safe",7.99,10329.4,4.3
"Cocktail Smoker Kit with Torch | Four Kinds of Wood Smoker Chips for Whiskey and Bourbon, Infuse Cocktails,Wine,Whiskey | Bar Set | Birthday Gifts for him/Father/Husband/self/Father's Day",29.9,38654.4,4.8
"Bento Box Lunch Box, Adult Containers for Adults/Students, 5 Cup Boxes with 4 Compartments&Fork, Leak-Proof, New and Upgraded Packaging, Pink",8.59,11105.1,4.7
"Bento Box Lunch Box, Adult Containers for Adults/Students, 5 Cup Boxes with 4 Compartments&Fork, Leak-Proof, New and Upgraded Packaging, Pink",8.59,11105.1,4.7
"TARLINI Bento Box Lunch Containers- Portable Microwave Japanese Bento Box, Meal Prep Containers For Healthy Food | Tupperware Lunch Box For Adults, Women, Microwaveable Bowl Plastic Container",9.98,12902.0,4.7
"TARLINI Bento Box Lunch Containers- Portable Microwave Japanese Bento Box, Meal Prep Containers For Healthy Food | Tupperware Lunch Box For Adults, Women, Microwaveable Bowl Plastic Container",9.98,12902.0,4.7
"Standard Hot Sauce Making Kit with 3 Recipes, Bottles & More: All-Inclusive Set for Making The World's Hottest Hot Sauce Kit for Adults! All Natural, Hand-Packaged in the US & Contains No Alcohol | Great Gift For Birthdays, Father's Day",49.95,64574.9,4.5
"Standard Hot Sauce Making Kit with 3 Recipes, Bottles & More: All-Inclusive Set for Making The World's Hottest Hot Sauce Kit for Adults! All Natural, Hand-Packaged in the US & Contains No Alcohol | Great Gift For Birthdays, Father's Day",49.95,64574.9,4.5
"Standard Hot Sauce Making Kit with 3 Recipes, Bottles & More: All-Inclusive Set for Making The World's Hottest Hot Sauce Kit for Adults! All Natural, Hand-Packaged in the US & Contains No Alcohol | Great Gift For Birthdays, Father's Day",49.95,64574.9,4.5
"Standard Hot Sauce Making Kit with 3 Recipes, Bottles & More: All-Inclusive Set for Making The World's Hottest Hot Sauce Kit for Adults! All Natural, Hand-Packaged in the US & Contains No Alcohol | Great Gift For Birthdays, Father's Day",49.95,64574.9,4.5
"Standard Hot Sauce Making Kit with 3 Recipes, Bottles & More: All-Inclusive Set for Making The World's Hottest Hot Sauce Kit for Adults! All Natural, Hand-Packaged in the US & Contains No Alcohol | Great Gift For Birthdays, Father's Day",49.95,64574.9,4.5
"Kracie Popin Cookin DIY Candy Making Kit with English Instructions, Assorted Variety Set, Multiple Packs Tanoshii Bento, Ramen and Waffle, Cakes, Sushi and Donuts, Hamburger, and Kawaii Gummy Land, Perfect For Kids (Pack of 8)",49.99,64626.6,4.5
"Thai Aree Brand, Ready to Cook, THAI GREEN CURRY NOODLE Meal Kit, Size 200g (7.07oz)",19.89,25713.6,
"Ortega Taco Dinner Kit, Soft Tacos, 10 Count (Pack of 12)",63.14,81626.8,4.8
"Ortega Taco Dinner Kit, Soft Tacos, 10 Count (Pack of 12)",63.14,81626.8,4.8
"Old El Paso Fajita Dinner Kit With Flour Tortillas, Mild Fajita Sauce & Seasoning Mix, 12.5 oz. (Pack of 6)",26.94,34827.8,4.4
"Old El Paso Fajita Dinner Kit With Flour Tortillas, Mild Fajita Sauce & Seasoning Mix, 12.5 oz. (Pack of 6)",26.94,34827.8,4.4
"Patriot Pantry Beans Trio with Rice Emergency Food Kit (100 Servings, 14 pk.) by Ready Hour",75.0,96959.2,4.6
"Patriot Pantry Beans Trio with Rice Emergency Food Kit (100 Servings, 14 pk.) by Ready Hour",75.0,96959.2,4.6
Yamako Tofu Maker Kit HINOKI #82597 by Tofu Kit,31.55,40787.5,4.6
Mexican Style Beef Taco 3 Pack - Bridgford MRE Ready to Eat Meal,18.98,24537.2,3.7
House Oden no Moto (oden soup mix) 2.7oz (77.2g) x 5ea.,43.33,56016.6,4.3
House Oden no Moto (oden soup mix) 2.7oz (77.2g) x 5ea.,43.33,56016.6,4.3
"DATREX Emergency Water Pouch for Disaster or Survival, 125 ml Each",30.6,39559.4,4.6
"DAVIDsTEA David’s Top Teas Sampler, Loose Leaf Tea Gift Set, Assortment of 12 Fan Favourite Teas, 109 g / 3.8 oz",39.99,51698.7,4.7
"Old El Paso Street Taco Kit, Carne Asada Steak, 11.3oz (Pack of 6)",34.92,45144.2,4.1
"Ensure Original Nutrition shakes | Variety Pack | Milk Chocolate Shake, Vanilla Shake, and Strawberry Flavors | Nutritional and Full of Vitamins and Minerals 12 Pack | Niro Assortment",37.8,48867.5,4.6
Genuine Military MRE Meal 23 with Inspection Date of 2021+ Pepperoni Pizza,26.99,34892.4,4.0
Genuine Military MRE Meal 23 with Inspection Date of 2021+ Pepperoni Pizza,26.99,34892.4,4.0
Genuine Military MRE Meal 23 with Inspection Date of 2021+ Pepperoni Pizza,26.99,34892.4,4.0
"Los Chileros Posole Dinner Kit, 13 Ounce",11.25,14543.9,4.3
"Plant Based Protein Powder Chocolate - Lactose & Dairy Free Protein Powder - Vegan Protein Shake Meal Replacement with Fava, Mung, Rice & Pea Protein, Low Carb, Keto, Sugar & Gluten Free, 21g",22.99,29721.2,4.0
Cocktail Smoker Kit with Torch and 4 Flavors of Wood Chips- Luxury Whiskey Gifts for Men- Whiskey Smoker Infuser Kit Includes Wooden Plate & Engraved,43.99,56869.8,
Ready Set Food | Early Allergen Introduction Mix-ins for Babies 4+ Mo | Stage 1+2-90 Days | Top 3 Allergens - Organic Peanut Egg Milk | Safe Easy Effective | For Bottle or Food | ReadySetFood,90.0,116351.1,4.2
Yes You Can! Complete Meal Replacement - 30 Servings (Vegan Vanilla),84.99,109874.2,4.6
Yes You Can! Complete Meal Replacement - 30 Servings (Vegan Vanilla),84.99,109874.2,4.6
"Old El Paso Mini Flour Tortilla Bowl Dinner Kit with Seasoning Mix & Taco Sauce, 12 ct., 9.3 oz. (Pack of 8)",51.29,66307.2,3.7
"Iberia Paella Valenciana, Ready to Cook Paella Kit with Yellow Rice and Seafood Packets, Product of Spain, 15.5 oz.",9.58,12384.9,4.3
"Freezable Lunch Bag,Freezable Snack Bag,Mini Cooler Bag for Travel/Work/School,Small Insulated Bag,Small Cooler Lunch Box with Ice Packs,Insulated Snack Bag,Freezable Snack Box with Handle Buckle",15.99,20671.7,4.6
"Vonhen 7 Pack Bento Lunch Boxes Reusable 3 Compartment Meal Prep Containers - Leakproof Lunch Container with Lids for Work, and Travel",16.98,21951.6,4.2
"BRAMI Lupini Beans Snack, Variety Pack | 7g Plant Protein, 0g Net Carbs | Vegan, Keto, Plant Based, Mediterranean Diet | Pickled Vegetable |5.3 Ounce (4 Count)",24.99,32306.8,4.1
Keto Cocoa | Delicious Sugar Free Instant Hot Chocolate Mix with 6g of MCTs for Ketogenic Diet Low Carb Lifestyle | No Gluten | 20 Servings,29.99,38770.8,4.2
"KATE FARMS Organic Plant Based 1.4 Sole-Source Nutrition Shake, Vanilla, 20g of protein, 27 Vitamins and Minerals, High Calorie Meal Replacement Drink, Protein Shake, Gluten Free and Non-GMO, 11 Fl oz (Pack of 12)",72.0,93080.9,4.6
"KATE FARMS Organic Plant Based 1.4 Sole-Source Nutrition Shake, Vanilla, 20g of protein, 27 Vitamins and Minerals, High Calorie Meal Replacement Drink, Protein Shake, Gluten Free and Non-GMO, 11 Fl oz (Pack of 12)",72.0,93080.9,4.6
"Chicken Tikka Masala, Butter Chicken Makhani, Tandoori Chicken Indian food spice kits by Flavor Temptations | Home Cook Authentic Indian Food | Organic, Gluten Free, No Sodium (3 Spice Kits)",17.99,23257.3,3.7
"Chicken Tikka Masala, Butter Chicken Makhani, Tandoori Chicken Indian food spice kits by Flavor Temptations | Home Cook Authentic Indian Food | Organic, Gluten Free, No Sodium (3 Spice Kits)",17.99,23257.3,3.7
#RT Amocan Vegetable Curry Complete Cooking Kit 170G -Singapore Style Complete Cooking Kit Enjoy home cooked food in just 20 minutes,14.99,19378.9,4.7
#RT Amocan Vegetable Curry Complete Cooking Kit 170G -Singapore Style Complete Cooking Kit Enjoy home cooked food in just 20 minutes,14.99,19378.9,4.7
#RT Amocan Vegetable Curry Complete Cooking Kit 170G -Singapore Style Complete Cooking Kit Enjoy home cooked food in just 20 minutes,14.99,19378.9,4.7
"Niro PediaSure Grow and Gain with Immune Support Shake | Complete Balanced Nutrition | PediaSure Strawberry, PediaSure Vanilla, and PediaSure Chocolate Flavors | 18 Pack Assortment",61.5,79506.6,4.1
"Niro PediaSure Grow and Gain with Immune Support Shake | Complete Balanced Nutrition | PediaSure Strawberry, PediaSure Vanilla, and PediaSure Chocolate Flavors | 18 Pack Assortment",61.5,79506.6,4.1
"Niro PediaSure Grow and Gain with Immune Support Shake | Complete Balanced Nutrition | PediaSure Strawberry, PediaSure Vanilla, and PediaSure Chocolate Flavors | 18 Pack Assortment",61.5,79506.6,4.1
"Valley Food Storage Freeze Dried Peach Slices, 2.12 Oz Pouch | Premium Lightweight Camping Freeze-Dried Food | All Natural Non-GMO Fruit Snacks in Resealable Mylar Bag | Easy Prep Survival Hiking Food",19.99,25842.9,4.8
"Valley Food Storage Freeze Dried Peach Slices, 2.12 Oz Pouch | Premium Lightweight Camping Freeze-Dried Food | All Natural Non-GMO Fruit Snacks in Resealable Mylar Bag | Easy Prep Survival Hiking Food",19.99,25842.9,4.8
"Boost Balanced Nutritional Shake Variety | High Protein | Boost Rich Chocolate, Boost Creamy Strawberry, and Boost Very Vanilla Flavors | 12 Pack | Niro Assortment | Included one Niro beverage sleeve",35.9,46411.2,4.5
"Boost Balanced Nutritional Shake Variety | High Protein | Boost Rich Chocolate, Boost Creamy Strawberry, and Boost Very Vanilla Flavors | 12 Pack | Niro Assortment | Included one Niro beverage sleeve",35.9,46411.2,4.5
"ARC-1120SBL SmartCarb Cool-Touch Stainless Steel Rice Multicooker Food Steamer, Slow Cooker with Non-Stick Inner Pot and Steam Tray, 20-Cup(cooked)/ 5Qt, Black",50.5,65285.9,4.3
"ARC-1120SBL SmartCarb Cool-Touch Stainless Steel Rice Multicooker Food Steamer, Slow Cooker with Non-Stick Inner Pot and Steam Tray, 20-Cup(cooked)/ 5Qt, Black",50.5,65285.9,4.3
"ARC-1120SBL SmartCarb Cool-Touch Stainless Steel Rice Multicooker Food Steamer, Slow Cooker with Non-Stick Inner Pot and Steam Tray, 20-Cup(cooked)/ 5Qt, Black",50.5,65285.9,4.3
"ARC-1120SBL SmartCarb Cool-Touch Stainless Steel Rice Multicooker Food Steamer, Slow Cooker with Non-Stick Inner Pot and Steam Tray, 20-Cup(cooked)/ 5Qt, Black",50.5,65285.9,4.3
"WonderSlim Core 1 Week Diet Kit 35 Meals - Meal Replacements, Protein Supplements, and Snacks",89.99,116338.2,3.7
Nutrisystem® Fast Five 7-Day Diet Kit with 28 Delicious Meals & Snacks Plus Protein and Probiotic Shakes,98.94,127908.6,4.8
Nutrisystem® Fast Five 7-Day Diet Kit with 28 Delicious Meals & Snacks Plus Protein and Probiotic Shakes,98.94,127908.6,4.8
Nutrisystem® Fast Five 7-Day Diet Kit with 28 Delicious Meals & Snacks Plus Protein and Probiotic Shakes,98.94,127908.6,4.8
"Verve Culture Thai for Two - Organic Thai Curry Cooking Sampler Kit | USDA Organic, Vegan, Gluten-Free | Made in Thailand",35.0,45247.7,4.5
Pasta Making Kit + Free Video Master Class – Make Homemade Ravioli with Premium Ingredients & Pasta Cutter – Best Gift for Pasta Lovers – Pasta Kit Serves 4,45.95,59403.7,3.8
"Velveeta Skillets Creamy Beef Stroganoff One Pan Dinner Kit with Cheese Sauce (Pasta & Seasonings, 11.6 oz Box)",3.38,4369.6,4.5
"Frontier Soups Homemade In Minutes Soup Mix, South of The Border Tortilla, 4.5 oz",7.6,9825.2,4.5
"Lakma Tea 14 Days Weight Loss Kit - 42 Tea Bags (100% Natural, Sugar Free, Gluten Free And Non-GMO)",11.64,15048.1,4.7
"Lakma Tea 14 Days Weight Loss Kit - 42 Tea Bags (100% Natural, Sugar Free, Gluten Free And Non-GMO)",11.64,15048.1,4.7
"Lakma Tea 14 Days Weight Loss Kit - 42 Tea Bags (100% Natural, Sugar Free, Gluten Free And Non-GMO)",11.64,15048.1,4.7
"Quinn Movie Night Organic Microwave Popcorn Kit, Variety Gift Pack - Real Butter (3), Parmesan & Rosemary (3), White Cheddar (3), Non-GMO, Gluten Free, Gourmet Popcorn Kernels (9 Bags)",25.97,33573.8,4.3
"Quinn Movie Night Organic Microwave Popcorn Kit, Variety Gift Pack - Real Butter (3), Parmesan & Rosemary (3), White Cheddar (3), Non-GMO, Gluten Free, Gourmet Popcorn Kernels (9 Bags)",25.97,33573.8,4.3
"Tasty Organic Chocolate Meal Replacement Shake Vegan - Garden of Life - 20g Complete Plant Based Protein, Greens, Rice Protein, Pro & Prebiotics for Easy Digestion – Non-GMO, Gluten-Free, 2.4 LB",45.8,59209.8,4.4
"Tasty Organic Chocolate Meal Replacement Shake Vegan - Garden of Life - 20g Complete Plant Based Protein, Greens, Rice Protein, Pro & Prebiotics for Easy Digestion – Non-GMO, Gluten-Free, 2.4 LB",45.8,59209.8,4.4
"Tasty Organic Chocolate Meal Replacement Shake Vegan - Garden of Life - 20g Complete Plant Based Protein, Greens, Rice Protein, Pro & Prebiotics for Easy Digestion – Non-GMO, Gluten-Free, 2.4 LB",45.8,59209.8,4.4
Nutrisystem® Fast Five 7-Day Diet Kit with 28 Delicious Meals & Snacks Plus Protein and Probiotic Shakes,98.94,127908.6,4.6
Nutrisystem® Fast Five 7-Day Diet Kit with 28 Delicious Meals & Snacks Plus Protein and Probiotic Shakes,98.94,127908.6,4.6
Taco Bell Crunchy Taco Dinner Kit (12 Count per Box),4.86,6283.0,4.4
"Duff Goldman DIY Baking Set for Kids by Baketivity - Bake Delicious S’mores Sandwich Cookies with Premeasured Ingredients | Best Family Fun Activity, Great Gift for Girls, Boys, Teens, and Adults",28.49,36831.6,4.4
"Old El Paso Stand 'N Stuff Shells and Tortilla Bowls, Hard & Soft Taco Dinner Kit, 9.4 oz.",5.52,7136.2,4.5
"HM Mountain House Adventure Meal KIT, Breakfast - Lunch - Dinner, 13 Pouches",112.0,144792.5,4.3
"HM Mountain House Adventure Meal KIT, Breakfast - Lunch - Dinner, 13 Pouches",112.0,144792.5,4.3
"HM Mountain House Adventure Meal KIT, Breakfast - Lunch - Dinner, 13 Pouches",112.0,144792.5,4.3
"Huel Starter Kit - Includes 2 Pouches of Nutritionally Complete 100% Vegan Powdered Meal, Scoop, Shaker and Booklet (7.7lbs of Powder - 28 Meals) (Vanilla)",118.98,153816.2,4.7
"Huel Starter Kit - Includes 2 Pouches of Nutritionally Complete 100% Vegan Powdered Meal, Scoop, Shaker and Booklet (7.7lbs of Powder - 28 Meals) (Vanilla)",118.98,153816.2,4.7
"Huel Starter Kit - Includes 2 Pouches of Nutritionally Complete 100% Vegan Powdered Meal, Scoop, Shaker and Booklet (7.7lbs of Powder - 28 Meals) (Vanilla)",118.98,153816.2,4.7
"BUMBLE BEE Snack on the Run! Tuna Salad with Crackers Kit, High Protein Snack Food, Tuna Salad Multi-Pack, Healthy Snacks for Adults, 3.5 Ounce Kit (Pack of 3)",4.7,6076.1,4.3
"BUMBLE BEE Snack on the Run! Tuna Salad with Crackers Kit, High Protein Snack Food, Tuna Salad Multi-Pack, Healthy Snacks for Adults, 3.5 Ounce Kit (Pack of 3)",4.7,6076.1,4.3
"BUMBLE BEE Snack on the Run! Tuna Salad with Crackers Kit, High Protein Snack Food, Tuna Salad Multi-Pack, Healthy Snacks for Adults, 3.5 Ounce Kit (Pack of 3)",4.7,6076.1,4.3
"Amazing Grass Greens Blend Alkalize & Detox: Smoothie Mix, Cleanse with Super Greens & Beet Root Powder, Digestive Enzymes, Prebiotics & Probiotics, 30 Servings (Packaging May Vary)",24.47,31634.6,4.4
"Betty Crocker Suddenly Pasta Salad, 15 Oz",3.94,5093.6,4.6
"Harmony House Backpacking Soup and Chili Kit (Unseasoned) – 18 Count Variety Pack, Resealable Zip Pouches, For Cooking, Camping, Emergency Supply and More",69.95,90430.7,4.6
"Harmony House Backpacking Soup and Chili Kit (Unseasoned) – 18 Count Variety Pack, Resealable Zip Pouches, For Cooking, Camping, Emergency Supply and More",69.95,90430.7,4.6
"Harmony House Backpacking Soup and Chili Kit (Unseasoned) – 18 Count Variety Pack, Resealable Zip Pouches, For Cooking, Camping, Emergency Supply and More",69.95,90430.7,4.6
"Harmony House Backpacking Soup and Chili Kit (Unseasoned) – 18 Count Variety Pack, Resealable Zip Pouches, For Cooking, Camping, Emergency Supply and More",69.95,90430.7,4.6
"Nutrisystem® On-The-Go Breakfast Bars, Muffins, and Biscotti, Helps Support Weight Loss - 16 Count",32.99,42649.1,4.4
"Sushi Making Kit, 27 Pcs Pro Sushi Kit Includes Bazooka Roller, Cutting Mold, Bamboo Mats, Musubi Maker, Nigiri Mold, Sushi Knife, Chopsticks, Sauce Dishes, & More All-in-One DIY Sushi Gift",29.99,38770.8,4.7
"Sprout Living, Epic Protein, Plant Based Protein & Superfoods Powder, Real Sport | 24 Grams Organic Protein Powder, Recovery, Vegan, Non Dairy, Non-GMO, Gluten Free, Low Sugar (1 Pound, 12 Servings)",35.96,46488.7,4.5
"Thai Kitchen Fried Rice, 8.8 oz",5.94,7679.2,3.9
"Kids Baking Set, Meal Cooking Party Supply Kit for Teens, Real Fun Little Junior Chef Essential Kitchen Lessons, Includes Pre-Measured Ingredients (Baketivity Kit, Smores)",36.95,47768.6,4.6
"Bento Box for Adults, 3-In-1 Meal Prep Container, 900ML Japanese Lunch Box with Compartment, Wheat Straw, Leak-proof, Spoon & Fork, BPA-free (Beige)",10.99,14207.8,4.3
"hemind Food Prep Containers 50 Pack Meal Prep Containers for Food 2 Compartment Bento Lunch Box Container, 32 oz Food Grade Safe Usage",24.95,32255.1,4.4
Rip Van Wafels Cookies & Cream Mini Stroopwafels - Low Carb Snacks (3g Net Carbs) - Non GMO Snack - Keto Friendly - Office Snacks - Low Calorie Snack (37 Calories) - Low Sugar (1g) - 32 Pack,23.99,31014.0,4.2
The Miracle Meal Pre-filled Communion Cups and Wafer Set - Box of 100 - with 100% Trusted Concord Grape Juice & Wafer - Made in the USA - Premium Quality Guaranteed,46.99,60748.2,4.5
The Miracle Meal Pre-filled Communion Cups and Wafer Set - Box of 100 - with 100% Trusted Concord Grape Juice & Wafer - Made in the USA - Premium Quality Guaranteed,46.99,60748.2,4.5
The Miracle Meal Pre-filled Communion Cups and Wafer Set - Box of 100 - with 100% Trusted Concord Grape Juice & Wafer - Made in the USA - Premium Quality Guaranteed,46.99,60748.2,4.5
"Old El Paso Stand 'N Stuff Hard and Soft Taco Dinner Kit, 9.4 oz",12.95,16741.6,4.7
"Old El Paso Stand 'N Stuff Hard and Soft Taco Dinner Kit, 9.4 oz",12.95,16741.6,4.7
"Old El Paso Stand 'N Stuff Hard and Soft Taco Dinner Kit, 9.4 oz",12.95,16741.6,4.7
Chef Soraya Chipotle Black Bean & Rice Meal Bowl,12.01,15526.4,3.5
Isagenix IsaLean Shake - Complete Superfood Meal Replacement Drink Mix for Maintaining Healthy Weight and Lean Muscle Growth - 854 Grams - 14 Meal Canister (Creamy Dutch Chocolate Flavor),68.0,87909.7,4.5
Hyleys Detox Tea for Cleanse and Weight Loss - 14 Day Weight Loss Kit - 42 Tea Bags (12 Pack),109.34,141353.7,5.0
Hyleys Detox Tea for Cleanse and Weight Loss - 14 Day Weight Loss Kit - 42 Tea Bags (12 Pack),109.34,141353.7,5.0
Dr. Colbert's Superfood Package,66.75,86293.7,4.4
"Extend Nutrition Protein Bars for Diabetics, Low Carb, High Protein Healthy Snacks, No Added Sugar Keto Bars, Ideal To Help Blood Sugar Support, Diabetes Snacks for Adults and Kids, Yogurt and Berry, 15 Count)",28.99,37478.0,4.1
"Bento Box for Adults, 3-In-1 Meal Prep Container, 900ML Janpanese Lunch Box with Compartment, Wheat Straw, Leak-proof, Spoon & Fork, BPA-free (Green)",10.99,14207.8,4.3
Damtuh Korean 15 Multi Mixed Grain Powder Meal Replacement Shake Breakfast Simple Meal Misugaru 20g x 12 Sticks,9.99,12915.0,4.2
"Sushi Making Kit, 22 in 1 Sushi Maker Bazooker Roller Kit with Bamboo Mats, Chef's Knife, Triangle/Nigiri/Gunkan Sushi Rice Mold, Chopsticks, Sauce Dishes, Rice Spreader, User Guide",24.99,32306.8,4.7
"Rip Van Dark Chocolate Wafer Cookies - Healthy Snacks - Non GMO, Keto, Low Carb, Low Sugar (2g), Low Calorie and Vegan - 16 Count",21.99,28428.5,4.2
"Rip Van Dark Chocolate Wafer Cookies - Healthy Snacks - Non GMO, Keto, Low Carb, Low Sugar (2g), Low Calorie and Vegan - 16 Count",21.99,28428.5,4.2
"Presto Sales LLC Pecans, Flavorful in shell, NEW crop Unshelled Fresh, Easy to crack, Healthy snack, Dietetic, Vegan, and Calcium | Perfect for Vegans, Weight Control Diets | 10 lbs. (160 oz.)",84.99,109874.2,4.7
"Presto Sales LLC Pecans, Flavorful in shell, NEW crop Unshelled Fresh, Easy to crack, Healthy snack, Dietetic, Vegan, and Calcium | Perfect for Vegans, Weight Control Diets | 10 lbs. (160 oz.)",84.99,109874.2,4.7
"TARLINI Bento Box Lunch Containers- Portable Microwave Japanese Bento Box, Meal Prep Containers For Healthy Food | Tupperware Lunch Box For Adults, Women, Microwaveable Bowl Plastic Container",9.98,12902.0,4.7
"TARLINI Bento Box Lunch Containers- Portable Microwave Japanese Bento Box, Meal Prep Containers For Healthy Food | Tupperware Lunch Box For Adults, Women, Microwaveable Bowl Plastic Container",9.98,12902.0,4.7
"Standard Hot Sauce Making Kit with 3 Recipes, Bottles & More: All-Inclusive Set for Making The World's Hottest Hot Sauce Kit for Adults! All Natural, Hand-Packaged in the US & Contains No Alcohol | Great Gift For Birthdays, Father's Day",49.95,64574.9,4.5
"Standard Hot Sauce Making Kit with 3 Recipes, Bottles & More: All-Inclusive Set for Making The World's Hottest Hot Sauce Kit for Adults! All Natural, Hand-Packaged in the US & Contains No Alcohol | Great Gift For Birthdays, Father's Day",49.95,64574.9,4.5
"Standard Hot Sauce Making Kit with 3 Recipes, Bottles & More: All-Inclusive Set for Making The World's Hottest Hot Sauce Kit for Adults! All Natural, Hand-Packaged in the US & Contains No Alcohol | Great Gift For Birthdays, Father's Day",49.95,64574.9,4.5
"Standard Hot Sauce Making Kit with 3 Recipes, Bottles & More: All-Inclusive Set for Making The World's Hottest Hot Sauce Kit for Adults! All Natural, Hand-Packaged in the US & Contains No Alcohol | Great Gift For Birthdays, Father's Day",49.95,64574.9,4.5
"Standard Hot Sauce Making Kit with 3 Recipes, Bottles & More: All-Inclusive Set for Making The World's Hottest Hot Sauce Kit for Adults! All Natural, Hand-Packaged in the US & Contains No Alcohol | Great Gift For Birthdays, Father's Day",49.95,64574.9,4.5
"Kracie Popin Cookin DIY Candy Making Kit with English Instructions, Assorted Variety Set, Multiple Packs Tanoshii Bento, Ramen and Waffle, Cakes, Sushi and Donuts, Hamburger, and Kawaii Gummy Land, Perfect For Kids (Pack of 8)",49.99,64626.6,4.5
"Thai Aree Brand, Ready to Cook, THAI GREEN CURRY NOODLE Meal Kit, Size 200g (7.07oz)",19.89,25713.6,
"Ortega Taco Dinner Kit, Soft Tacos, 10 Count (Pack of 12)",63.14,81626.8,4.8
"Ortega Taco Dinner Kit, Soft Tacos, 10 Count (Pack of 12)",63.14,81626.8,4.8
"Old El Paso Fajita Dinner Kit With Flour Tortillas, Mild Fajita Sauce & Seasoning Mix, 12.5 oz. (Pack of 6)",26.94,34827.8,4.4
"Old El Paso Fajita Dinner Kit With Flour Tortillas, Mild Fajita Sauce & Seasoning Mix, 12.5 oz. (Pack of 6)",26.94,34827.8,4.4
"Patriot Pantry Beans Trio with Rice Emergency Food Kit (100 Servings, 14 pk.) by Ready Hour",75.0,96959.2,4.6
"Patriot Pantry Beans Trio with Rice Emergency Food Kit (100 Servings, 14 pk.) by Ready Hour",75.0,96959.2,4.6
Yamako Tofu Maker Kit HINOKI #82597 by Tofu Kit,31.55,40787.5,4.6
Mexican Style Beef Taco 3 Pack - Bridgford MRE Ready to Eat Meal,18.98,24537.2,3.7
House Oden no Moto (oden soup mix) 2.7oz (77.2g) x 5ea.,43.33,56016.6,4.3
House Oden no Moto (oden soup mix) 2.7oz (77.2g) x 5ea.,43.33,56016.6,4.3
"DATREX Emergency Water Pouch for Disaster or Survival, 125 ml Each",30.6,39559.4,4.6
"DAVIDsTEA David’s Top Teas Sampler, Loose Leaf Tea Gift Set, Assortment of 12 Fan Favourite Teas, 109 g / 3.8 oz",39.99,51698.7,4.7
"Old El Paso Street Taco Kit, Carne Asada Steak, 11.3oz (Pack of 6)",34.92,45144.2,4.1
"Ensure Original Nutrition shakes | Variety Pack | Milk Chocolate Shake, Vanilla Shake, and Strawberry Flavors | Nutritional and Full of Vitamins and Minerals 12 Pack | Niro Assortment",37.8,48867.5,4.6
Genuine Military MRE Meal 23 with Inspection Date of 2021+ Pepperoni Pizza,26.99,34892.4,4.0
Genuine Military MRE Meal 23 with Inspection Date of 2021+ Pepperoni Pizza,26.99,34892.4,4.0
Genuine Military MRE Meal 23 with Inspection Date of 2021+ Pepperoni Pizza,26.99,34892.4,4.0
"Los Chileros Posole Dinner Kit, 13 Ounce",11.25,14543.9,4.6
"Los Chileros Posole Dinner Kit, 13 Ounce",11.25,14543.9,4.6
"Old El Paso Mini Flour Tortilla Bowl Dinner Kit with Seasoning Mix & Taco Sauce, 12 ct., 9.3 oz. (Pack of 8)",51.29,66307.2,3.7
"Iberia Paella Valenciana, Ready to Cook Paella Kit with Yellow Rice and Seafood Packets, Product of Spain, 15.5 oz.",9.58,12384.9,4.3
"Plant Based Protein Powder Chocolate - Lactose & Dairy Free Protein Powder - Vegan Protein Shake Meal Replacement with Fava, Mung, Rice & Pea Protein, Low Carb, Keto, Sugar & Gluten Free, 21g",22.99,29721.2,4.0
Ready Set Food | Early Allergen Introduction Mix-ins for Babies 4+ Mo | Stage 1+2-90 Days | Top 3 Allergens - Organic Peanut Egg Milk | Safe Easy Effective | For Bottle or Food | ReadySetFood,90.0,116351.1,4.2
Yes You Can! Complete Meal Replacement - 30 Servings (Vegan Vanilla),84.99,109874.2,4.3
"Vonhen 7 Pack Bento Lunch Boxes Reusable 3 Compartment Meal Prep Containers - Leakproof Lunch Container with Lids for Work, and Travel",16.98,21951.6,4.2
"Freezable Lunch Bag,Freezable Snack Bag,Mini Cooler Bag for Travel/Work/School,Small Insulated Bag,Small Cooler Lunch Box with Ice Packs,Insulated Snack Bag,Freezable Snack Box with Handle Buckle",15.99,20671.7,4.6
"Freezable Lunch Bag,Freezable Snack Bag,Mini Cooler Bag for Travel/Work/School,Small Insulated Bag,Small Cooler Lunch Box with Ice Packs,Insulated Snack Bag,Freezable Snack Box with Handle Buckle",15.99,20671.7,4.6
"Chicken Tikka Masala, Butter Chicken Makhani, Tandoori Chicken Indian food spice kits by Flavor Temptations | Home Cook Authentic Indian Food | Organic, Gluten Free, No Sodium (3 Spice Kits)",17.99,23257.3,3.7
"Chicken Tikka Masala, Butter Chicken Makhani, Tandoori Chicken Indian food spice kits by Flavor Temptations | Home Cook Authentic Indian Food | Organic, Gluten Free, No Sodium (3 Spice Kits)",17.99,23257.3,3.7
"BRAMI Lupini Beans Snack, Variety Pack | 7g Plant Protein, 0g Net Carbs | Vegan, Keto, Plant Based, Mediterranean Diet | Pickled Vegetable |5.3 Ounce (4 Count)",24.99,32306.8,4.1
Keto Cocoa | Delicious Sugar Free Instant Hot Chocolate Mix with 6g of MCTs for Ketogenic Diet Low Carb Lifestyle | No Gluten | 20 Servings,29.99,38770.8,4.2
"KATE FARMS Organic Plant Based 1.4 Sole-Source Nutrition Shake, Vanilla, 20g of protein, 27 Vitamins and Minerals, High Calorie Meal Replacement Drink, Protein Shake, Gluten Free and Non-GMO, 11 Fl oz (Pack of 12)",72.0,93080.9,4.4
"Setton Farms Pistachios, Dry Roasted and Salted Pistachios, Extra Large Premium California Pistachios, In Shell Pistachios, 14oz Burlap Gift Bag, Holiday Gifts, Thanksgiving Gifts, Rustic Bag, Certified Non-GMO, Gluten Free, Vegan and Kosher",21.84,28234.5,4.5
#RT Amocan Vegetable Curry Complete Cooking Kit 170G -Singapore Style Complete Cooking Kit Enjoy home cooked food in just 20 minutes,14.99,19378.9,4.7
#RT Amocan Vegetable Curry Complete Cooking Kit 170G -Singapore Style Complete Cooking Kit Enjoy home cooked food in just 20 minutes,14.99,19378.9,4.7
#RT Amocan Vegetable Curry Complete Cooking Kit 170G -Singapore Style Complete Cooking Kit Enjoy home cooked food in just 20 minutes,14.99,19378.9,4.7
"Niro PediaSure Grow and Gain with Immune Support Shake | Complete Balanced Nutrition | PediaSure Strawberry, PediaSure Vanilla, and PediaSure Chocolate Flavors | 18 Pack Assortment",61.5,79506.6,4.1
"Niro PediaSure Grow and Gain with Immune Support Shake | Complete Balanced Nutrition | PediaSure Strawberry, PediaSure Vanilla, and PediaSure Chocolate Flavors | 18 Pack Assortment",61.5,79506.6,4.1
"Niro PediaSure Grow and Gain with Immune Support Shake | Complete Balanced Nutrition | PediaSure Strawberry, PediaSure Vanilla, and PediaSure Chocolate Flavors | 18 Pack Assortment",61.5,79506.6,4.1
"Valley Food Storage Freeze Dried Peach Slices, 2.12 Oz Pouch | Premium Lightweight Camping Freeze-Dried Food | All Natural Non-GMO Fruit Snacks in Resealable Mylar Bag | Easy Prep Survival Hiking Food",19.99,25842.9,4.8
"Valley Food Storage Freeze Dried Peach Slices, 2.12 Oz Pouch | Premium Lightweight Camping Freeze-Dried Food | All Natural Non-GMO Fruit Snacks in Resealable Mylar Bag | Easy Prep Survival Hiking Food",19.99,25842.9,4.8
"Boost Balanced Nutritional Shake Variety | High Protein | Boost Rich Chocolate, Boost Creamy Strawberry, and Boost Very Vanilla Flavors | 12 Pack | Niro Assortment | Included one Niro beverage sleeve",35.9,46411.2,4.5
"Boost Balanced Nutritional Shake Variety | High Protein | Boost Rich Chocolate, Boost Creamy Strawberry, and Boost Very Vanilla Flavors | 12 Pack | Niro Assortment | Included one Niro beverage sleeve",35.9,46411.2,4.5
"ARC-1120SBL SmartCarb Cool-Touch Stainless Steel Rice Multicooker Food Steamer, Slow Cooker with Non-Stick Inner Pot and Steam Tray, 20-Cup(cooked)/ 5Qt, Black",50.5,65285.9,4.3
"ARC-1120SBL SmartCarb Cool-Touch Stainless Steel Rice Multicooker Food Steamer, Slow Cooker with Non-Stick Inner Pot and Steam Tray, 20-Cup(cooked)/ 5Qt, Black",50.5,65285.9,4.3
"ARC-1120SBL SmartCarb Cool-Touch Stainless Steel Rice Multicooker Food Steamer, Slow Cooker with Non-Stick Inner Pot and Steam Tray, 20-Cup(cooked)/ 5Qt, Black",50.5,65285.9,4.3
"8 Pcs Small Silicone Collapsible Food Storage Containers with Airtight Lids Stacking Silicone Meal Prep Lunch Containers for Kitchen, Traveling, Leftover, Microwave Freezer Dishwasher Safe, 4 Colors",31.99,41356.4,5.0
"Deluxe Mixed Nuts- Premium Quality Kosher Mixed Nuts Snack By We Got Nuts- Natural Rich Flavor Cashews, Walnuts, Almonds, Pecans, & More- Packed In A Resealable Bag (3lbs, Shelled, Unsalted, Raw)",27.69,35797.4,4.4
"OTOR Bento box Meal Prep Containers with Clear Airtight Lids 30oz Lunch Boxes Deli Container take away food storage Two-color process Stackable Reusable BPA Free Dishwasher, Microwave, Freezer Safe 25 Sets",25.99,33599.6,4.2
"OTOR Bento box Meal Prep Containers with Clear Airtight Lids 30oz Lunch Boxes Deli Container take away food storage Two-color process Stackable Reusable BPA Free Dishwasher, Microwave, Freezer Safe 25 Sets",25.99,33599.6,4.2
"WonderSlim Core 1 Week Diet Kit 35 Meals - Meal Replacements, Protein Supplements, and Snacks",89.99,116338.2,3.7
Nutrisystem® Fast Five 7-Day Diet Kit with 28 Delicious Meals & Snacks Plus Protein and Probiotic Shakes,98.94,127908.6,4.8
Nutrisystem® Fast Five 7-Day Diet Kit with 28 Delicious Meals & Snacks Plus Protein and Probiotic Shakes,98.94,127908.6,4.8
Nutrisystem® Fast Five 7-Day Diet Kit with 28 Delicious Meals & Snacks Plus Protein and Probiotic Shakes,98.94,127908.6,4.8
"Verve Culture Thai for Two - Organic Thai Curry Cooking Sampler Kit | USDA Organic, Vegan, Gluten-Free | Made in Thailand",35.0,45247.7,4.5
Pasta Making Kit + Free Video Master Class – Make Homemade Ravioli with Premium Ingredients & Pasta Cutter – Best Gift for Pasta Lovers – Pasta Kit Serves 4,45.95,59403.7,3.8
"Velveeta Skillets Creamy Beef Stroganoff One Pan Dinner Kit with Cheese Sauce (Pasta & Seasonings, 11.6 oz Box)",3.38,4369.6,4.5
"Frontier Soups Homemade In Minutes Soup Mix, South of The Border Tortilla, 4.5 oz",7.6,9825.2,4.5
"Lakma Tea 14 Days Weight Loss Kit - 42 Tea Bags (100% Natural, Sugar Free, Gluten Free And Non-GMO)",11.64,15048.1,4.7
"Lakma Tea 14 Days Weight Loss Kit - 42 Tea Bags (100% Natural, Sugar Free, Gluten Free And Non-GMO)",11.64,15048.1,4.7
"Lakma Tea 14 Days Weight Loss Kit - 42 Tea Bags (100% Natural, Sugar Free, Gluten Free And Non-GMO)",11.64,15048.1,4.7
"Quinn Movie Night Organic Microwave Popcorn Kit, Variety Gift Pack - Real Butter (3), Parmesan & Rosemary (3), White Cheddar (3), Non-GMO, Gluten Free, Gourmet Popcorn Kernels (9 Bags)",25.97,33573.8,4.3
"Quinn Movie Night Organic Microwave Popcorn Kit, Variety Gift Pack - Real Butter (3), Parmesan & Rosemary (3), White Cheddar (3), Non-GMO, Gluten Free, Gourmet Popcorn Kernels (9 Bags)",25.97,33573.8,4.3
"Tasty Organic Chocolate Meal Replacement Shake Vegan - Garden of Life - 20g Complete Plant Based Protein, Greens, Rice Protein, Pro & Prebiotics for Easy Digestion – Non-GMO, Gluten-Free, 2.4 LB",45.8,59209.8,4.4
"Tasty Organic Chocolate Meal Replacement Shake Vegan - Garden of Life - 20g Complete Plant Based Protein, Greens, Rice Protein, Pro & Prebiotics for Easy Digestion – Non-GMO, Gluten-Free, 2.4 LB",45.8,59209.8,4.4
"Tasty Organic Chocolate Meal Replacement Shake Vegan - Garden of Life - 20g Complete Plant Based Protein, Greens, Rice Protein, Pro & Prebiotics for Easy Digestion – Non-GMO, Gluten-Free, 2.4 LB",45.8,59209.8,4.4
Nutrisystem® Fast Five 7-Day Diet Kit with 28 Delicious Meals & Snacks Plus Protein and Probiotic Shakes,98.94,127908.6,4.6
Nutrisystem® Fast Five 7-Day Diet Kit with 28 Delicious Meals & Snacks Plus Protein and Probiotic Shakes,98.94,127908.6,4.6
Taco Bell Crunchy Taco Dinner Kit (12 Count per Box),4.86,6283.0,4.4
"Duff Goldman DIY Baking Set for Kids by Baketivity - Bake Delicious S’mores Sandwich Cookies with Premeasured Ingredients | Best Family Fun Activity, Great Gift for Girls, Boys, Teens, and Adults",28.49,36831.6,4.4
"Old El Paso Stand 'N Stuff Shells and Tortilla Bowls, Hard & Soft Taco Dinner Kit, 9.4 oz.",5.52,7136.2,4.5
"HM Mountain House Adventure Meal KIT, Breakfast - Lunch - Dinner, 13 Pouches",112.0,144792.5,4.3
"HM Mountain House Adventure Meal KIT, Breakfast - Lunch - Dinner, 13 Pouches",112.0,144792.5,4.3
"HM Mountain House Adventure Meal KIT, Breakfast - Lunch - Dinner, 13 Pouches",112.0,144792.5,4.3
"Huel Starter Kit - Includes 2 Pouches of Nutritionally Complete 100% Vegan Powdered Meal, Scoop, Shaker and Booklet (7.7lbs of Powder - 28 Meals) (Vanilla)",118.98,153816.2,4.7
"Huel Starter Kit - Includes 2 Pouches of Nutritionally Complete 100% Vegan Powdered Meal, Scoop, Shaker and Booklet (7.7lbs of Powder - 28 Meals) (Vanilla)",118.98,153816.2,4.7
"Huel Starter Kit - Includes 2 Pouches of Nutritionally Complete 100% Vegan Powdered Meal, Scoop, Shaker and Booklet (7.7lbs of Powder - 28 Meals) (Vanilla)",118.98,153816.2,4.7
"BUMBLE BEE Snack on the Run! Tuna Salad with Crackers Kit, High Protein Snack Food, Tuna Salad Multi-Pack, Healthy Snacks for Adults, 3.5 Ounce Kit (Pack of 3)",4.7,6076.1,4.3
"BUMBLE BEE Snack on the Run! Tuna Salad with Crackers Kit, High Protein Snack Food, Tuna Salad Multi-Pack, Healthy Snacks for Adults, 3.5 Ounce Kit (Pack of 3)",4.7,6076.1,4.3
"BUMBLE BEE Snack on the Run! Tuna Salad with Crackers Kit, High Protein Snack Food, Tuna Salad Multi-Pack, Healthy Snacks for Adults, 3.5 Ounce Kit (Pack of 3)",4.7,6076.1,4.3
"Amazing Grass Greens Blend Alkalize & Detox: Smoothie Mix, Cleanse with Super Greens & Beet Root Powder, Digestive Enzymes, Prebiotics & Probiotics, 30 Servings (Packaging May Vary)",24.47,31634.6,4.4
"Betty Crocker Suddenly Pasta Salad, 15 Oz",3.94,5093.6,4.6
"Harmony House Backpacking Soup and Chili Kit (Unseasoned) – 18 Count Variety Pack, Resealable Zip Pouches, For Cooking, Camping, Emergency Supply and More",69.95,90430.7,4.6
"Harmony House Backpacking Soup and Chili Kit (Unseasoned) – 18 Count Variety Pack, Resealable Zip Pouches, For Cooking, Camping, Emergency Supply and More",69.95,90430.7,4.6
"Harmony House Backpacking Soup and Chili Kit (Unseasoned) – 18 Count Variety Pack, Resealable Zip Pouches, For Cooking, Camping, Emergency Supply and More",69.95,90430.7,4.6
"Harmony House Backpacking Soup and Chili Kit (Unseasoned) – 18 Count Variety Pack, Resealable Zip Pouches, For Cooking, Camping, Emergency Supply and More",69.95,90430.7,4.6
"Nutrisystem® On-The-Go Breakfast Bars, Muffins, and Biscotti, Helps Support Weight Loss - 16 Count",32.99,42649.1,4.4
"Sushi Making Kit, 27 Pcs Pro Sushi Kit Includes Bazooka Roller, Cutting Mold, Bamboo Mats, Musubi Maker, Nigiri Mold, Sushi Knife, Chopsticks, Sauce Dishes, & More All-in-One DIY Sushi Gift",29.99,38770.8,4.7
"Sprout Living, Epic Protein, Plant Based Protein & Superfoods Powder, Real Sport | 24 Grams Organic Protein Powder, Recovery, Vegan, Non Dairy, Non-GMO, Gluten Free, Low Sugar (1 Pound, 12 Servings)",35.96,46488.7,4.5
"Thai Kitchen Fried Rice, 8.8 oz",5.94,7679.2,3.9
"Kids Baking Set, Meal Cooking Party Supply Kit for Teens, Real Fun Little Junior Chef Essential Kitchen Lessons, Includes Pre-Measured Ingredients (Baketivity Kit, Smores)",36.95,47768.6,4.6
"Bento Box for Adults, 3-In-1 Meal Prep Container, 900ML Japanese Lunch Box with Compartment, Wheat Straw, Leak-proof, Spoon & Fork, BPA-free (Beige)",10.99,14207.8,4.3
"hemind Food Prep Containers 50 Pack Meal Prep Containers for Food 2 Compartment Bento Lunch Box Container, 32 oz Food Grade Safe Usage",24.95,32255.1,4.4
Rip Van Wafels Cookies & Cream Mini Stroopwafels - Low Carb Snacks (3g Net Carbs) - Non GMO Snack - Keto Friendly - Office Snacks - Low Calorie Snack (37 Calories) - Low Sugar (1g) - 32 Pack,23.99,31014.0,4.2
The Miracle Meal Pre-filled Communion Cups and Wafer Set - Box of 100 - with 100% Trusted Concord Grape Juice & Wafer - Made in the USA - Premium Quality Guaranteed,46.99,60748.2,4.5
The Miracle Meal Pre-filled Communion Cups and Wafer Set - Box of 100 - with 100% Trusted Concord Grape Juice & Wafer - Made in the USA - Premium Quality Guaranteed,46.99,60748.2,4.5
The Miracle Meal Pre-filled Communion Cups and Wafer Set - Box of 100 - with 100% Trusted Concord Grape Juice & Wafer - Made in the USA - Premium Quality Guaranteed,46.99,60748.2,4.5
"Old El Paso Stand 'N Stuff Hard and Soft Taco Dinner Kit, 9.4 oz",12.95,16741.6,4.7
"Old El Paso Stand 'N Stuff Hard and Soft Taco Dinner Kit, 9.4 oz",12.95,16741.6,4.7
"Old El Paso Stand 'N Stuff Hard and Soft Taco Dinner Kit, 9.4 oz",12.95,16741.6,4.7
Chef Soraya Chipotle Black Bean & Rice Meal Bowl,12.01,15526.4,3.5
Isagenix IsaLean Shake - Complete Superfood Meal Replacement Drink Mix for Maintaining Healthy Weight and Lean Muscle Growth - 854 Grams - 14 Meal Canister (Creamy Dutch Chocolate Flavor),68.0,87909.7,4.5
Hyleys Detox Tea for Cleanse and Weight Loss - 14 Day Weight Loss Kit - 42 Tea Bags (12 Pack),109.34,141353.7,5.0
Hyleys Detox Tea for Cleanse and Weight Loss - 14 Day Weight Loss Kit - 42 Tea Bags (12 Pack),109.34,141353.7,5.0
Dr. Colbert's Superfood Package,66.75,86293.7,4.4
"Extend Nutrition Protein Bars for Diabetics, Low Carb, High Protein Healthy Snacks, No Added Sugar Keto Bars, Ideal To Help Blood Sugar Support, Diabetes Snacks for Adults and Kids, Yogurt and Berry, 15 Count)",28.99,37478.0,4.1
"Bento Box for Adults, 3-In-1 Meal Prep Container, 900ML Janpanese Lunch Box with Compartment, Wheat Straw, Leak-proof, Spoon & Fork, BPA-free (Green)",10.99,14207.8,4.3
Damtuh Korean 15 Multi Mixed Grain Powder Meal Replacement Shake Breakfast Simple Meal Misugaru 20g x 12 Sticks,9.99,12915.0,4.2
"Sushi Making Kit, 22 in 1 Sushi Maker Bazooker Roller Kit with Bamboo Mats, Chef's Knife, Triangle/Nigiri/Gunkan Sushi Rice Mold, Chopsticks, Sauce Dishes, Rice Spreader, User Guide",24.99,32306.8,4.7
"Rip Van Dark Chocolate Wafer Cookies - Healthy Snacks - Non GMO, Keto, Low Carb, Low Sugar (2g), Low Calorie and Vegan - 16 Count",21.99,28428.5,4.2
"Rip Van Dark Chocolate Wafer Cookies - Healthy Snacks - Non GMO, Keto, Low Carb, Low Sugar (2g), Low Calorie and Vegan - 16 Count",21.99,28428.5,4.2
"Presto Sales LLC Pecans, Flavorful in shell, NEW crop Unshelled Fresh, Easy to crack, Healthy snack, Dietetic, Vegan, and Calcium | Perfect for Vegans, Weight Control Diets | 10 lbs. (160 oz.)",84.99,109874.2,4.7
"Presto Sales LLC Pecans, Flavorful in shell, NEW crop Unshelled Fresh, Easy to crack, Healthy snack, Dietetic, Vegan, and Calcium | Perfect for Vegans, Weight Control Diets | 10 lbs. (160 oz.)",84.99,109874.2,4.7
"TARLINI Bento Box Lunch Containers- Portable Microwave Japanese Bento Box, Meal Prep Containers For Healthy Food | Tupperware Lunch Box For Adults, Women, Microwaveable Bowl Plastic Container",9.98,12902.0,4.7
"TARLINI Bento Box Lunch Containers- Portable Microwave Japanese Bento Box, Meal Prep Containers For Healthy Food | Tupperware Lunch Box For Adults, Women, Microwaveable Bowl Plastic Container",9.98,12902.0,4.7
"Standard Hot Sauce Making Kit with 3 Recipes, Bottles & More: All-Inclusive Set for Making The World's Hottest Hot Sauce Kit for Adults! All Natural, Hand-Packaged in the US & Contains No Alcohol | Great Gift For Birthdays, Father's Day",49.95,64574.9,4.5
"Standard Hot Sauce Making Kit with 3 Recipes, Bottles & More: All-Inclusive Set for Making The World's Hottest Hot Sauce Kit for Adults! All Natural, Hand-Packaged in the US & Contains No Alcohol | Great Gift For Birthdays, Father's Day",49.95,64574.9,4.5
"Standard Hot Sauce Making Kit with 3 Recipes, Bottles & More: All-Inclusive Set for Making The World's Hottest Hot Sauce Kit for Adults! All Natural, Hand-Packaged in the US & Contains No Alcohol | Great Gift For Birthdays, Father's Day",49.95,64574.9,4.5
"Standard Hot Sauce Making Kit with 3 Recipes, Bottles & More: All-Inclusive Set for Making The World's Hottest Hot Sauce Kit for Adults! All Natural, Hand-Packaged in the US & Contains No Alcohol | Great Gift For Birthdays, Father's Day",49.95,64574.9,4.5
"Standard Hot Sauce Making Kit with 3 Recipes, Bottles & More: All-Inclusive Set for Making The World's Hottest Hot Sauce Kit for Adults! All Natural, Hand-Packaged in the US & Contains No Alcohol | Great Gift For Birthdays, Father's Day",49.95,64574.9,4.5
"Kracie Popin Cookin DIY Candy Making Kit with English Instructions, Assorted Variety Set, Multiple Packs Tanoshii Bento, Ramen and Waffle, Cakes, Sushi and Donuts, Hamburger, and Kawaii Gummy Land, Perfect For Kids (Pack of 8)",49.99,64626.6,4.5
"Thai Aree Brand, Ready to Cook, THAI GREEN CURRY NOODLE Meal Kit, Size 200g (7.07oz)",19.89,25713.6,
"Ortega Taco Dinner Kit, Soft Tacos, 10 Count (Pack of 12)",63.14,81626.8,4.8
"Ortega Taco Dinner Kit, Soft Tacos, 10 Count (Pack of 12)",63.14,81626.8,4.8
"Old El Paso Fajita Dinner Kit With Flour Tortillas, Mild Fajita Sauce & Seasoning Mix, 12.5 oz. (Pack of 6)",26.94,34827.8,4.4
"Old El Paso Fajita Dinner Kit With Flour Tortillas, Mild Fajita Sauce & Seasoning Mix, 12.5 oz. (Pack of 6)",26.94,34827.8,4.4
"Patriot Pantry Beans Trio with Rice Emergency Food Kit (100 Servings, 14 pk.) by Ready Hour",75.0,96959.2,4.6
"Patriot Pantry Beans Trio with Rice Emergency Food Kit (100 Servings, 14 pk.) by Ready Hour",75.0,96959.2,4.6
Yamako Tofu Maker Kit HINOKI #82597 by Tofu Kit,31.55,40787.5,4.6
Mexican Style Beef Taco 3 Pack - Bridgford MRE Ready to Eat Meal,18.98,24537.2,3.7
House Oden no Moto (oden soup mix) 2.7oz (77.2g) x 5ea.,43.33,56016.6,4.3
House Oden no Moto (oden soup mix) 2.7oz (77.2g) x 5ea.,43.33,56016.6,4.3
"DATREX Emergency Water Pouch for Disaster or Survival, 125 ml Each",30.6,39559.4,4.6
"DAVIDsTEA David’s Top Teas Sampler, Loose Leaf Tea Gift Set, Assortment of 12 Fan Favourite Teas, 109 g / 3.8 oz",39.99,51698.7,4.7
"Old El Paso Street Taco Kit, Carne Asada Steak, 11.3oz (Pack of 6)",34.92,45144.2,4.1
"Ensure Original Nutrition shakes | Variety Pack | Milk Chocolate Shake, Vanilla Shake, and Strawberry Flavors | Nutritional and Full of Vitamins and Minerals 12 Pack | Niro Assortment",37.8,48867.5,4.6
Genuine Military MRE Meal 23 with Inspection Date of 2021+ Pepperoni Pizza,26.99,34892.4,4.0
Genuine Military MRE Meal 23 with Inspection Date of 2021+ Pepperoni Pizza,26.99,34892.4,4.0
Genuine Military MRE Meal 23 with Inspection Date of 2021+ Pepperoni Pizza,26.99,34892.4,4.0
"Los Chileros Posole Dinner Kit, 13 Ounce",11.25,14543.9,4.6
"Los Chileros Posole Dinner Kit, 13 Ounce",11.25,14543.9,4.6
"Old El Paso Mini Flour Tortilla Bowl Dinner Kit with Seasoning Mix & Taco Sauce, 12 ct., 9.3 oz. (Pack of 8)",51.29,66307.2,3.7
"Iberia Paella Valenciana, Ready to Cook Paella Kit with Yellow Rice and Seafood Packets, Product of Spain, 15.5 oz.",9.58,12384.9,4.3
"Plant Based Protein Powder Chocolate - Lactose & Dairy Free Protein Powder - Vegan Protein Shake Meal Replacement with Fava, Mung, Rice & Pea Protein, Low Carb, Keto, Sugar & Gluten Free, 21g",22.99,29721.2,4.0
Ready Set Food | Early Allergen Introduction Mix-ins for Babies 4+ Mo | Stage 1+2-90 Days | Top 3 Allergens - Organic Peanut Egg Milk | Safe Easy Effective | For Bottle or Food | ReadySetFood,90.0,116351.1,4.2
Yes You Can! Complete Meal Replacement - 30 Servings (Vegan Vanilla),84.99,109874.2,4.3
"Vonhen 7 Pack Bento Lunch Boxes Reusable 3 Compartment Meal Prep Containers - Leakproof Lunch Container with Lids for Work, and Travel",16.98,21951.6,4.2
"Freezable Lunch Bag,Freezable Snack Bag,Mini Cooler Bag for Travel/Work/School,Small Insulated Bag,Small Cooler Lunch Box with Ice Packs,Insulated Snack Bag,Freezable Snack Box with Handle Buckle",15.99,20671.7,4.6
"Freezable Lunch Bag,Freezable Snack Bag,Mini Cooler Bag for Travel/Work/School,Small Insulated Bag,Small Cooler Lunch Box with Ice Packs,Insulated Snack Bag,Freezable Snack Box with Handle Buckle",15.99,20671.7,4.6
"Chicken Tikka Masala, Butter Chicken Makhani, Tandoori Chicken Indian food spice kits by Flavor Temptations | Home Cook Authentic Indian Food | Organic, Gluten Free, No Sodium (3 Spice Kits)",17.99,23257.3,3.7
"Chicken Tikka Masala, Butter Chicken Makhani, Tandoori Chicken Indian food spice kits by Flavor Temptations | Home Cook Authentic Indian Food | Organic, Gluten Free, No Sodium (3 Spice Kits)",17.99,23257.3,3.7
"BRAMI Lupini Beans Snack, Variety Pack | 7g Plant Protein, 0g Net Carbs | Vegan, Keto, Plant Based, Mediterranean Diet | Pickled Vegetable |5.3 Ounce (4 Count)",24.99,32306.8,4.1
Keto Cocoa | Delicious Sugar Free Instant Hot Chocolate Mix with 6g of MCTs for Ketogenic Diet Low Carb Lifestyle | No Gluten | 20 Servings,29.99,38770.8,4.2
"KATE FARMS Organic Plant Based 1.4 Sole-Source Nutrition Shake, Vanilla, 20g of protein, 27 Vitamins and Minerals, High Calorie Meal Replacement Drink, Protein Shake, Gluten Free and Non-GMO, 11 Fl oz (Pack of 12)",72.0,93080.9,4.4
"Setton Farms Pistachios, Dry Roasted and Salted Pistachios, Extra Large Premium California Pistachios, In Shell Pistachios, 14oz Burlap Gift Bag, Holiday Gifts, Thanksgiving Gifts, Rustic Bag, Certified Non-GMO, Gluten Free, Vegan and Kosher",21.84,28234.5,4.5
#RT Amocan Vegetable Curry Complete Cooking Kit 170G -Singapore Style Complete Cooking Kit Enjoy home cooked food in just 20 minutes,14.99,19378.9,4.7
#RT Amocan Vegetable Curry Complete Cooking Kit 170G -Singapore Style Complete Cooking Kit Enjoy home cooked food in just 20 minutes,14.99,19378.9,4.7
#RT Amocan Vegetable Curry Complete Cooking Kit 170G -Singapore Style Complete Cooking Kit Enjoy home cooked food in just 20 minutes,14.99,19378.9,4.7
"Niro PediaSure Grow and Gain with Immune Support Shake | Complete Balanced Nutrition | PediaSure Strawberry, PediaSure Vanilla, and PediaSure Chocolate Flavors | 18 Pack Assortment",61.5,79506.6,4.1
"Niro PediaSure Grow and Gain with Immune Support Shake | Complete Balanced Nutrition | PediaSure Strawberry, PediaSure Vanilla, and PediaSure Chocolate Flavors | 18 Pack Assortment",61.5,79506.6,4.1
"Niro PediaSure Grow and Gain with Immune Support Shake | Complete Balanced Nutrition | PediaSure Strawberry, PediaSure Vanilla, and PediaSure Chocolate Flavors | 18 Pack Assortment",61.5,79506.6,4.1
"Valley Food Storage Freeze Dried Peach Slices, 2.12 Oz Pouch | Premium Lightweight Camping Freeze-Dried Food | All Natural Non-GMO Fruit Snacks in Resealable Mylar Bag | Easy Prep Survival Hiking Food",19.99,25842.9,4.8
"Valley Food Storage Freeze Dried Peach Slices, 2.12 Oz Pouch | Premium Lightweight Camping Freeze-Dried Food | All Natural Non-GMO Fruit Snacks in Resealable Mylar Bag | Easy Prep Survival Hiking Food",19.99,25842.9,4.8
"Boost Balanced Nutritional Shake Variety | High Protein | Boost Rich Chocolate, Boost Creamy Strawberry, and Boost Very Vanilla Flavors | 12 Pack | Niro Assortment | Included one Niro beverage sleeve",35.9,46411.2,4.5
"Boost Balanced Nutritional Shake Variety | High Protein | Boost Rich Chocolate, Boost Creamy Strawberry, and Boost Very Vanilla Flavors | 12 Pack | Niro Assortment | Included one Niro beverage sleeve",35.9,46411.2,4.5
"ARC-1120SBL SmartCarb Cool-Touch Stainless Steel Rice Multicooker Food Steamer, Slow Cooker with Non-Stick Inner Pot and Steam Tray, 20-Cup(cooked)/ 5Qt, Black",50.5,65285.9,4.3
"ARC-1120SBL SmartCarb Cool-Touch Stainless Steel Rice Multicooker Food Steamer, Slow Cooker with Non-Stick Inner Pot and Steam Tray, 20-Cup(cooked)/ 5Qt, Black",50.5,65285.9,4.3
"ARC-1120SBL SmartCarb Cool-Touch Stainless Steel Rice Multicooker Food Steamer, Slow Cooker with Non-Stick Inner Pot and Steam Tray, 20-Cup(cooked)/ 5Qt, Black",50.5,65285.9,4.3
"8 Pcs Small Silicone Collapsible Food Storage Containers with Airtight Lids Stacking Silicone Meal Prep Lunch Containers for Kitchen, Traveling, Leftover, Microwave Freezer Dishwasher Safe, 4 Colors",31.99,41356.4,5.0
"Deluxe Mixed Nuts- Premium Quality Kosher Mixed Nuts Snack By We Got Nuts- Natural Rich Flavor Cashews, Walnuts, Almonds, Pecans, & More- Packed In A Resealable Bag (3lbs, Shelled, Unsalted, Raw)",27.69,35797.4,4.4
"OTOR Bento box Meal Prep Containers with Clear Airtight Lids 30oz Lunch Boxes Deli Container take away food storage Two-color process Stackable Reusable BPA Free Dishwasher, Microwave, Freezer Safe 25 Sets",25.99,33599.6,4.2
"OTOR Bento box Meal Prep Containers with Clear Airtight Lids 30oz Lunch Boxes Deli Container take away food storage Two-color process Stackable Reusable BPA Free Dishwasher, Microwave, Freezer Safe 25 Sets",25.99,33599.6,4.2
Nutrisystem® Fast Five 7-Day Diet Kit with 28 Delicious Meals & Snacks Plus Protein and Probiotic Shakes,98.94,127908.6,4.8
Nutrisystem® Fast Five 7-Day Diet Kit with 28 Delicious Meals & Snacks Plus Protein and Probiotic Shakes,98.94,127908.6,4.8
Nutrisystem® Fast Five 7-Day Diet Kit with 28 Delicious Meals & Snacks Plus Protein and Probiotic Shakes,98.94,127908.6,4.8
"Verve Culture Thai for Two - Organic Thai Curry Cooking Sampler Kit | USDA Organic, Vegan, Gluten-Free | Made in Thailand",35.0,45247.7,4.5
Pasta Making Kit + Free Video Master Class – Make Homemade Ravioli with Premium Ingredients & Pasta Cutter – Best Gift for Pasta Lovers – Pasta Kit Serves 4,45.95,59403.7,3.8
"Velveeta Skillets Creamy Beef Stroganoff One Pan Dinner Kit with Cheese Sauce (Pasta & Seasonings, 11.6 oz Box)",3.38,4369.6,4.5
"Frontier Soups Homemade In Minutes Soup Mix, South of The Border Tortilla, 4.5 oz",7.6,9825.2,4.5
"Lakma Tea 14 Days Weight Loss Kit - 42 Tea Bags (100% Natural, Sugar Free, Gluten Free And Non-GMO)",11.64,15048.1,4.7
"Lakma Tea 14 Days Weight Loss Kit - 42 Tea Bags (100% Natural, Sugar Free, Gluten Free And Non-GMO)",11.64,15048.1,4.7
"Lakma Tea 14 Days Weight Loss Kit - 42 Tea Bags (100% Natural, Sugar Free, Gluten Free And Non-GMO)",11.64,15048.1,4.7
"Quinn Movie Night Organic Microwave Popcorn Kit, Variety Gift Pack - Real Butter (3), Parmesan & Rosemary (3), White Cheddar (3), Non-GMO, Gluten Free, Gourmet Popcorn Kernels (9 Bags)",25.97,33573.8,4.3
"Quinn Movie Night Organic Microwave Popcorn Kit, Variety Gift Pack - Real Butter (3), Parmesan & Rosemary (3), White Cheddar (3), Non-GMO, Gluten Free, Gourmet Popcorn Kernels (9 Bags)",25.97,33573.8,4.3
"Tasty Organic Chocolate Meal Replacement Shake Vegan - Garden of Life - 20g Complete Plant Based Protein, Greens, Rice Protein, Pro & Prebiotics for Easy Digestion – Non-GMO, Gluten-Free, 2.4 LB",45.8,59209.8,4.6
"Tasty Organic Chocolate Meal Replacement Shake Vegan - Garden of Life - 20g Complete Plant Based Protein, Greens, Rice Protein, Pro & Prebiotics for Easy Digestion – Non-GMO, Gluten-Free, 2.4 LB",45.8,59209.8,4.6
"Tasty Organic Chocolate Meal Replacement Shake Vegan - Garden of Life - 20g Complete Plant Based Protein, Greens, Rice Protein, Pro & Prebiotics for Easy Digestion – Non-GMO, Gluten-Free, 2.4 LB",45.8,59209.8,4.6
"Tasty Organic Chocolate Meal Replacement Shake Vegan - Garden of Life - 20g Complete Plant Based Protein, Greens, Rice Protein, Pro & Prebiotics for Easy Digestion – Non-GMO, Gluten-Free, 2.4 LB",45.8,59209.8,4.6
Taco Bell Crunchy Taco Dinner Kit (12 Count per Box),4.86,6283.0,4.4
"Duff Goldman DIY Baking Set for Kids by Baketivity - Bake Delicious S’mores Sandwich Cookies with Premeasured Ingredients | Best Family Fun Activity, Great Gift for Girls, Boys, Teens, and Adults",28.49,36831.6,4.4
"Old El Paso Stand 'N Stuff Shells and Tortilla Bowls, Hard & Soft Taco Dinner Kit, 9.4 oz.",5.52,7136.2,4.5
"HM Mountain House Adventure Meal KIT, Breakfast - Lunch - Dinner, 13 Pouches",112.0,144792.5,4.3
"HM Mountain House Adventure Meal KIT, Breakfast - Lunch - Dinner, 13 Pouches",112.0,144792.5,4.3
"HM Mountain House Adventure Meal KIT, Breakfast - Lunch - Dinner, 13 Pouches",112.0,144792.5,4.3
"Huel Starter Kit - Includes 2 Pouches of Nutritionally Complete 100% Vegan Powdered Meal, Scoop, Shaker and Booklet (7.7lbs of Powder - 28 Meals) (Vanilla)",118.98,153816.2,4.7
"Huel Starter Kit - Includes 2 Pouches of Nutritionally Complete 100% Vegan Powdered Meal, Scoop, Shaker and Booklet (7.7lbs of Powder - 28 Meals) (Vanilla)",118.98,153816.2,4.7
"Huel Starter Kit - Includes 2 Pouches of Nutritionally Complete 100% Vegan Powdered Meal, Scoop, Shaker and Booklet (7.7lbs of Powder - 28 Meals) (Vanilla)",118.98,153816.2,4.7
"BUMBLE BEE Snack on the Run! Tuna Salad with Crackers Kit, High Protein Snack Food, Tuna Salad Multi-Pack, Healthy Snacks for Adults, 3.5 Ounce Kit (Pack of 3)",4.7,6076.1,4.3
"BUMBLE BEE Snack on the Run! Tuna Salad with Crackers Kit, High Protein Snack Food, Tuna Salad Multi-Pack, Healthy Snacks for Adults, 3.5 Ounce Kit (Pack of 3)",4.7,6076.1,4.3
"BUMBLE BEE Snack on the Run! Tuna Salad with Crackers Kit, High Protein Snack Food, Tuna Salad Multi-Pack, Healthy Snacks for Adults, 3.5 Ounce Kit (Pack of 3)",4.7,6076.1,4.3
"Amazing Grass Greens Blend Alkalize & Detox: Smoothie Mix, Cleanse with Super Greens & Beet Root Powder, Digestive Enzymes, Prebiotics & Probiotics, 30 Servings (Packaging May Vary)",24.47,31634.6,4.4
"Betty Crocker Suddenly Pasta Salad, 15 Oz",3.94,5093.6,4.6
"Harmony House Backpacking Soup and Chili Kit (Unseasoned) – 18 Count Variety Pack, Resealable Zip Pouches, For Cooking, Camping, Emergency Supply and More",69.95,90430.7,4.6
"Harmony House Backpacking Soup and Chili Kit (Unseasoned) – 18 Count Variety Pack, Resealable Zip Pouches, For Cooking, Camping, Emergency Supply and More",69.95,90430.7,4.6
"Harmony House Backpacking Soup and Chili Kit (Unseasoned) – 18 Count Variety Pack, Resealable Zip Pouches, For Cooking, Camping, Emergency Supply and More",69.95,90430.7,4.6
"Harmony House Backpacking Soup and Chili Kit (Unseasoned) – 18 Count Variety Pack, Resealable Zip Pouches, For Cooking, Camping, Emergency Supply and More",69.95,90430.7,4.6
"Thai Kitchen Fried Rice, 8.8 oz",5.94,7679.2,3.9
"Kids Baking Set, Meal Cooking Party Supply Kit for Teens, Real Fun Little Junior Chef Essential Kitchen Lessons, Includes Pre-Measured Ingredients (Baketivity Kit, Smores)",36.95,47768.6,4.6
"Bento Box for Adults, 3-In-1 Meal Prep Container, 900ML Japanese Lunch Box with Compartment, Wheat Straw, Leak-proof, Spoon & Fork, BPA-free (Beige)",10.99,14207.8,4.3
"hemind Food Prep Containers 50 Pack Meal Prep Containers for Food 2 Compartment Bento Lunch Box Container, 32 oz Food Grade Safe Usage",24.95,32255.1,4.4
The Miracle Meal Pre-filled Communion Cups and Wafer Set - Box of 100 - with 100% Trusted Concord Grape Juice & Wafer - Made in the USA - Premium Quality Guaranteed,46.99,60748.2,4.5
The Miracle Meal Pre-filled Communion Cups and Wafer Set - Box of 100 - with 100% Trusted Concord Grape Juice & Wafer - Made in the USA - Premium Quality Guaranteed,46.99,60748.2,4.5
The Miracle Meal Pre-filled Communion Cups and Wafer Set - Box of 100 - with 100% Trusted Concord Grape Juice & Wafer - Made in the USA - Premium Quality Guaranteed,46.99,60748.2,4.5
"Old El Paso Stand 'N Stuff Hard and Soft Taco Dinner Kit, 9.4 oz",12.95,16741.6,4.7
"Old El Paso Stand 'N Stuff Hard and Soft Taco Dinner Kit, 9.4 oz",12.95,16741.6,4.7
"Old El Paso Stand 'N Stuff Hard and Soft Taco Dinner Kit, 9.4 oz",12.95,16741.6,4.7
Chef Soraya Chipotle Black Bean & Rice Meal Bowl,12.01,15526.4,3.5
Isagenix IsaLean Shake - Complete Superfood Meal Replacement Drink Mix for Maintaining Healthy Weight and Lean Muscle Growth - 854 Grams - 14 Meal Canister (Creamy Dutch Chocolate Flavor),68.0,87909.7,4.5
Hyleys Detox Tea for Cleanse and Weight Loss - 14 Day Weight Loss Kit - 42 Tea Bags (12 Pack),109.34,141353.7,5.0
Hyleys Detox Tea for Cleanse and Weight Loss - 14 Day Weight Loss Kit - 42 Tea Bags (12 Pack),109.34,141353.7,5.0
Hyleys Detox Tea for Cleanse and Weight Loss - 14 Day Weight Loss Kit - 42 Tea Bags (12 Pack),109.34,141353.7,5.0
"Presto Sales LLC Pecans, Flavorful in shell, NEW crop Unshelled Fresh, Easy to crack, Healthy snack, Dietetic, Vegan, and Calcium | Perfect for Vegans, Weight Control Diets | 10 lbs. (160 oz.)",84.99,109874.2,4.7
"Presto Sales LLC Pecans, Flavorful in shell, NEW crop Unshelled Fresh, Easy to crack, Healthy snack, Dietetic, Vegan, and Calcium | Perfect for Vegans, Weight Control Diets | 10 lbs. (160 oz.)",84.99,109874.2,4.7
"TARLINI Bento Box Lunch Containers- Portable Microwave Japanese Bento Box, Meal Prep Containers For Healthy Food | Tupperware Lunch Box For Adults, Women, Microwaveable Bowl Plastic Container",9.98,12902.0,4.7
"TARLINI Bento Box Lunch Containers- Portable Microwave Japanese Bento Box, Meal Prep Containers For Healthy Food | Tupperware Lunch Box For Adults, Women, Microwaveable Bowl Plastic Container",9.98,12902.0,4.7
"Standard Hot Sauce Making Kit with 3 Recipes, Bottles & More: All-Inclusive Set for Making The World's Hottest Hot Sauce Kit for Adults! All Natural, Hand-Packaged in the US & Contains No Alcohol | Great Gift For Birthdays, Father's Day",49.95,64574.9,4.5
"Standard Hot Sauce Making Kit with 3 Recipes, Bottles & More: All-Inclusive Set for Making The World's Hottest Hot Sauce Kit for Adults! All Natural, Hand-Packaged in the US & Contains No Alcohol | Great Gift For Birthdays, Father's Day",49.95,64574.9,4.5
"Standard Hot Sauce Making Kit with 3 Recipes, Bottles & More: All-Inclusive Set for Making The World's Hottest Hot Sauce Kit for Adults! All Natural, Hand-Packaged in the US & Contains No Alcohol | Great Gift For Birthdays, Father's Day",49.95,64574.9,4.5
"Standard Hot Sauce Making Kit with 3 Recipes, Bottles & More: All-Inclusive Set for Making The World's Hottest Hot Sauce Kit for Adults! All Natural, Hand-Packaged in the US & Contains No Alcohol | Great Gift For Birthdays, Father's Day",49.95,64574.9,4.5
"Standard Hot Sauce Making Kit with 3 Recipes, Bottles & More: All-Inclusive Set for Making The World's Hottest Hot Sauce Kit for Adults! All Natural, Hand-Packaged in the US & Contains No Alcohol | Great Gift For Birthdays, Father's Day",49.95,64574.9,4.5
"Kracie Popin Cookin DIY Candy Making Kit with English Instructions, Assorted Variety Set, Multiple Packs Tanoshii Bento, Ramen and Waffle, Cakes, Sushi and Donuts, Hamburger, and Kawaii Gummy Land, Perfect For Kids (Pack of 8)",49.99,64626.6,4.5
"Thai Aree Brand, Ready to Cook, THAI GREEN CURRY NOODLE Meal Kit, Size 200g (7.07oz)",19.89,25713.6,
"Ortega Taco Dinner Kit, Soft Tacos, 10 Count (Pack of 12)",63.14,81626.8,4.8
"Ortega Taco Dinner Kit, Soft Tacos, 10 Count (Pack of 12)",63.14,81626.8,4.8
"Old El Paso Fajita Dinner Kit With Flour Tortillas, Mild Fajita Sauce & Seasoning Mix, 12.5 oz. (Pack of 6)",26.94,34827.8,4.4
"Old El Paso Fajita Dinner Kit With Flour Tortillas, Mild Fajita Sauce & Seasoning Mix, 12.5 oz. (Pack of 6)",26.94,34827.8,4.4
"Patriot Pantry Beans Trio with Rice Emergency Food Kit (100 Servings, 14 pk.) by Ready Hour",75.0,96959.2,4.6
"Patriot Pantry Beans Trio with Rice Emergency Food Kit (100 Servings, 14 pk.) by Ready Hour",75.0,96959.2,4.6
Yamako Tofu Maker Kit HINOKI #82597 by Tofu Kit,31.55,40787.5,4.6
Mexican Style Beef Taco 3 Pack - Bridgford MRE Ready to Eat Meal,18.98,24537.2,3.7
House Oden no Moto (oden soup mix) 2.7oz (77.2g) x 5ea.,43.33,56016.6,4.3
House Oden no Moto (oden soup mix) 2.7oz (77.2g) x 5ea.,43.33,56016.6,4.3
"DATREX Emergency Water Pouch for Disaster or Survival, 125 ml Each",30.6,39559.4,4.6
"DAVIDsTEA David’s Top Teas Sampler, Loose Leaf Tea Gift Set, Assortment of 12 Fan Favourite Teas, 109 g / 3.8 oz",39.99,51698.7,4.7
"Old El Paso Street Taco Kit, Carne Asada Steak, 11.3oz (Pack of 6)",34.92,45144.2,4.1
"Ensure Original Nutrition shakes | Variety Pack | Milk Chocolate Shake, Vanilla Shake, and Strawberry Flavors | Nutritional and Full of Vitamins and Minerals 12 Pack | Niro Assortment",37.8,48867.5,4.6
Genuine Military MRE Meal 23 with Inspection Date of 2021+ Pepperoni Pizza,26.99,34892.4,4.0
Genuine Military MRE Meal 23 with Inspection Date of 2021+ Pepperoni Pizza,26.99,34892.4,4.0
Genuine Military MRE Meal 23 with Inspection Date of 2021+ Pepperoni Pizza,26.99,34892.4,4.0
"Los Chileros Posole Dinner Kit, 13 Ounce",11.25,14543.9,4.3
